date,askyield
7/14/2017,1.034
7/13/2017,1.039
7/12/2017,1.05
7/11/2017,1.06
7/10/2017,1.039
7/7/2017,1.034
7/6/2017,1.034
7/5/2017,1.05
7/3/2017,1.026
6/30/2017,1.021
6/29/2017,1.029
6/28/2017,1.011
6/27/2017,1.019
6/26/2017,0.96
6/23/2017,0.958
6/22/2017,0.958
6/21/2017,0.994
6/20/2017,1.019
6/19/2017,1.011
6/16/2017,1.011
6/15/2017,1.019
6/14/2017,1.011
6/13/2017,1.009
6/12/2017,0.998
6/9/2017,1.006
6/8/2017,0.999
6/7/2017,0.999
6/6/2017,0.983
6/5/2017,0.973
6/2/2017,0.978
6/1/2017,0.973
5/31/2017,0.978
5/30/2017,0.935
5/26/2017,0.935
5/25/2017,0.932
5/24/2017,0.93
5/23/2017,0.937
5/22/2017,0.904
5/19/2017,0.914
5/18/2017,0.917
5/17/2017,0.902
5/16/2017,0.915
5/15/2017,0.886
5/12/2017,0.879
5/11/2017,0.884
5/10/2017,0.899
5/9/2017,0.915
5/8/2017,0.894
5/5/2017,0.892
5/4/2017,0.879
5/3/2017,0.871
5/2/2017,0.861
5/1/2017,0.808
4/28/2017,0.803
4/27/2017,0.808
4/26/2017,0.825
4/25/2017,0.831
4/24/2017,0.795
4/21/2017,0.785
4/20/2017,0.792
4/19/2017,0.808
4/18/2017,0.828
4/17/2017,0.815
4/13/2017,0.81
4/12/2017,0.815
4/11/2017,0.823
4/10/2017,0.81
4/7/2017,0.82
4/6/2017,0.81
4/5/2017,0.803
4/4/2017,0.803
4/3/2017,0.764
3/31/2017,0.762
3/30/2017,0.78
3/29/2017,0.777
3/28/2017,0.795
3/27/2017,0.78
3/24/2017,0.769
3/23/2017,0.769
3/22/2017,0.769
3/21/2017,0.775
3/20/2017,0.734
3/17/2017,0.729
3/16/2017,0.734
3/15/2017,0.739
3/14/2017,0.775
3/13/2017,0.749
3/10/2017,0.747
3/9/2017,0.734
3/8/2017,0.729
3/7/2017,0.757
3/6/2017,0.729
3/3/2017,0.706
3/2/2017,0.665
3/1/2017,0.635
2/28/2017,0.541
2/27/2017,0.51
2/24/2017,0.515
2/23/2017,0.515
2/22/2017,0.528
2/21/2017,0.523
2/17/2017,0.525
2/16/2017,0.525
2/15/2017,0.538
2/14/2017,0.553
2/13/2017,0.541
2/10/2017,0.538
2/9/2017,0.543
2/8/2017,0.543
2/7/2017,0.543
2/6/2017,0.52
2/3/2017,0.505
2/2/2017,0.505
2/1/2017,0.518
1/31/2017,0.518
1/30/2017,0.513
1/27/2017,0.515
1/26/2017,0.505
1/25/2017,0.5
1/24/2017,0.51
1/23/2017,0.492
1/20/2017,0.497
1/19/2017,0.52
1/18/2017,0.528
1/17/2017,0.53
1/13/2017,0.53
1/12/2017,0.518
1/11/2017,0.515
1/10/2017,0.52
1/9/2017,0.502
1/6/2017,0.52
1/5/2017,0.525
1/4/2017,0.536
1/3/2017,0.497
12/30/2016,0.502
12/29/2016,0.462
12/28/2016,0.513
12/27/2016,0.515
12/23/2016,0.52
12/22/2016,0.513
12/21/2016,0.515
12/20/2016,0.528
12/19/2016,0.495
12/16/2016,0.505
12/15/2016,0.505
12/14/2016,0.541
12/13/2016,0.543
12/12/2016,0.518
12/9/2016,0.541
12/8/2016,0.51
12/7/2016,0.505
12/6/2016,0.505
12/5/2016,0.472
12/2/2016,0.475
12/1/2016,0.475
11/30/2016,0.485
11/29/2016,0.485
11/28/2016,0.472
11/25/2016,0.502
11/23/2016,0.502
11/22/2016,0.492
11/21/2016,0.442
11/18/2016,0.434
11/17/2016,0.436
11/16/2016,0.469
11/15/2016,0.505
11/14/2016,0.52
11/10/2016,0.475
11/9/2016,0.434
11/8/2016,0.436
11/7/2016,0.408
11/4/2016,0.373
11/3/2016,0.373
11/2/2016,0.36
11/1/2016,0.36
10/31/2016,0.309
10/28/2016,0.289
10/27/2016,0.289
10/26/2016,0.33
10/25/2016,0.345
10/24/2016,0.327
10/21/2016,0.332
10/20/2016,0.332
10/19/2016,0.337
10/18/2016,0.348
10/17/2016,0.309
10/14/2016,0.304
10/13/2016,0.294
10/12/2016,0.358
10/11/2016,0.337
10/7/2016,0.327
10/6/2016,0.327
10/5/2016,0.327
10/4/2016,0.33
10/3/2016,0.307
9/30/2016,0.284
9/29/2016,0.254
9/28/2016,0.282
9/27/2016,0.271
9/26/2016,0.19
9/23/2016,0.185
9/22/2016,0.18
9/21/2016,0.236
9/20/2016,0.302
9/19/2016,0.256
9/16/2016,0.289
9/15/2016,0.294
9/14/2016,0.332
9/13/2016,0.36
9/12/2016,0.37
9/9/2016,0.355
9/8/2016,0.353
9/7/2016,0.34
9/6/2016,0.32
9/2/2016,0.322
9/1/2016,0.335
8/31/2016,0.33
8/30/2016,0.34
8/29/2016,0.322
8/26/2016,0.327
8/25/2016,0.325
8/24/2016,0.315
8/23/2016,0.315
8/22/2016,0.297
8/19/2016,0.309
8/18/2016,0.302
8/17/2016,0.302
8/16/2016,0.302
8/15/2016,0.292
8/12/2016,0.282
8/11/2016,0.294
8/10/2016,0.287
8/9/2016,0.307
8/8/2016,0.269
8/5/2016,0.269
8/4/2016,0.264
8/3/2016,0.282
8/2/2016,0.289
8/1/2016,0.254
7/29/2016,0.259
7/28/2016,0.238
7/27/2016,0.312
7/26/2016,0.322
7/25/2016,0.312
7/22/2016,0.317
7/21/2016,0.32
7/20/2016,0.325
7/19/2016,0.325
7/18/2016,0.302
7/15/2016,0.317
7/14/2016,0.317
7/13/2016,0.312
7/12/2016,0.309
7/11/2016,0.289
7/8/2016,0.287
7/7/2016,0.284
7/6/2016,0.271
7/5/2016,0.254
7/1/2016,0.259
6/30/2016,0.266
6/29/2016,0.264
6/28/2016,0.269
6/27/2016,0.254
6/24/2016,0.259
6/23/2016,0.292
6/22/2016,0.276
6/21/2016,0.279
6/20/2016,0.266
6/17/2016,0.266
6/16/2016,0.264
6/15/2016,0.269
6/14/2016,0.274
6/13/2016,0.261
6/10/2016,0.256
6/9/2016,0.256
6/8/2016,0.249
6/7/2016,0.279
6/6/2016,0.269
6/3/2016,0.289
6/2/2016,0.289
6/1/2016,0.309
5/31/2016,0.302
5/27/2016,0.317
5/26/2016,0.294
5/25/2016,0.325
5/24/2016,0.355
5/23/2016,0.327
5/20/2016,0.317
5/19/2016,0.304
5/18/2016,0.282
5/17/2016,0.287
5/16/2016,0.271
5/13/2016,0.271
5/12/2016,0.271
5/11/2016,0.256
5/10/2016,0.251
5/9/2016,0.213
5/6/2016,0.193
5/5/2016,0.195
5/4/2016,0.21
5/3/2016,0.216
5/2/2016,0.198
4/29/2016,0.205
4/28/2016,0.221
4/27/2016,0.254
4/26/2016,0.254
4/25/2016,0.251
4/22/2016,0.236
4/21/2016,0.233
4/20/2016,0.228
4/19/2016,0.223
4/18/2016,0.21
4/15/2016,0.228
4/14/2016,0.228
4/13/2016,0.236
4/12/2016,0.238
4/11/2016,0.221
4/8/2016,0.231
4/7/2016,0.236
4/6/2016,0.233
4/5/2016,0.231
4/4/2016,0.195
4/1/2016,0.233
3/31/2016,0.213
3/30/2016,0.198
3/29/2016,0.236
3/28/2016,0.276
3/24/2016,0.292
3/23/2016,0.309
3/22/2016,0.309
3/21/2016,0.302
3/18/2016,0.294
3/17/2016,0.287
3/16/2016,0.315
3/15/2016,0.345
3/14/2016,0.322
3/11/2016,0.32
3/10/2016,0.317
3/9/2016,0.304
3/8/2016,0.317
3/7/2016,0.276
3/4/2016,0.276
3/3/2016,0.279
3/2/2016,0.317
3/1/2016,0.335
2/29/2016,0.323
2/26/2016,0.318
2/25/2016,0.328
2/24/2016,0.331
2/23/2016,0.331
2/22/2016,0.308
2/19/2016,0.295
2/18/2016,0.3
2/17/2016,0.31
2/16/2016,0.287
2/12/2016,0.29
2/11/2016,0.287
2/10/2016,0.313
2/9/2016,0.313
2/8/2016,0.275
2/5/2016,0.292
2/4/2016,0.298
2/3/2016,0.346
2/2/2016,0.346
2/1/2016,0.31
1/29/2016,0.315
1/28/2016,0.333
1/27/2016,0.315
1/26/2016,0.315
1/25/2016,0.29
1/22/2016,0.3
1/21/2016,0.285
1/20/2016,0.262
1/19/2016,0.244
1/15/2016,0.237
1/14/2016,0.249
1/13/2016,0.224
1/12/2016,0.219
1/11/2016,0.191
1/8/2016,0.203
1/7/2016,0.203
1/6/2016,0.219
1/5/2016,0.219
1/4/2016,0.168
12/31/2015,0.178
12/30/2015,0.219
12/29/2015,0.229
12/28/2015,0.203
12/24/2015,0.201
12/23/2015,0.198
12/22/2015,0.211
12/21/2015,0.168
12/18/2015,0.188
12/17/2015,0.226
12/16/2015,0.27
12/15/2015,0.265
12/14/2015,0.214
12/11/2015,0.226
12/10/2015,0.244
12/9/2015,0.259
12/8/2015,0.282
12/7/2015,0.249
12/4/2015,0.2212
12/3/2015,0.2111
12/2/2015,0.2085
12/1/2015,0.216
11/30/2015,0.181
11/27/2015,0.173
11/25/2015,0.188
11/24/2015,0.165
11/23/2015,0.117
11/20/2015,0.104
11/19/2015,0.099
11/18/2015,0.135
11/17/2015,0.147
11/16/2015,0.109
11/13/2015,0.125
11/12/2015,0.135
11/10/2015,0.132
11/9/2015,0.089
11/6/2015,0.084
11/5/2015,0.048
11/4/2015,0.066
11/3/2015,0.069
11/2/2015,0.064
10/30/2015,0.079
10/29/2015,0.064
10/28/2015,0.046
10/27/2015,0.02
10/26/2015,0.018
10/23/2015,0.008
10/22/2015,0.005
10/21/2015,0.005
10/20/2015,0.02
10/19/2015,0.003
10/16/2015,0.005
10/15/2015,0.005
10/13/2015,0.005
10/9/2015,0.008
10/8/2015,0.005
10/6/2015,0.005
10/5/2015,0.003
10/2/2015,0.003
10/1/2015,-0.01
9/30/2015,0.008
9/29/2015,0.01
9/28/2015,-0.003
9/25/2015,-0.013
9/24/2015,0.005
9/23/2015,0.01
9/22/2015,0.008
9/21/2015,-0.008
9/18/2015,-0.0076
9/17/2015,0.013
9/16/2015,0.064
9/15/2015,0.064
9/11/2015,0.031
9/10/2015,0.025
9/9/2015,0.046
9/8/2015,0.031
9/4/2015,0.036
9/3/2015,0.02
9/2/2015,0.031
9/1/2015,0.053
8/31/2015,0.01
8/28/2015,0.058
8/27/2015,0.058
8/26/2015,0.064
8/25/2015,0.061
8/24/2015,0.023
8/21/2015,0.031
8/20/2015,0.02
8/19/2015,0.051
8/18/2015,0.092
8/17/2015,0.071
8/14/2015,0.092
8/13/2015,0.092
8/12/2015,0.102
8/11/2015,0.104
8/10/2015,0.076
8/7/2015,0.066
8/6/2015,0.033
8/5/2015,0.081
8/4/2015,0.081
8/3/2015,0.069
7/31/2015,0.064
7/30/2015,0.069
7/29/2015,0.053
7/28/2015,0.053
7/27/2015,0.033
7/24/2015,0.038
7/23/2015,0.036
7/22/2015,0.036
7/21/2015,0.036
7/20/2015,0.028
7/17/2015,0.02
7/16/2015,0.018
7/15/2015,0.02
7/14/2015,0.015
7/13/2015,-0.003
7/10/2015,0.015
7/9/2015,0.018
7/8/2015,0.015
7/7/2015,0.015
7/6/2015,0.01
7/2/2015,0.008
7/1/2015,0.013
6/30/2015,0.02
6/29/2015,0.005
6/26/2015,0.005
6/25/2015,0.005
6/24/2015,0.01
6/23/2015,0.013
6/22/2015,0.008
6/19/2015,0.008
6/18/2015,0.01
6/17/2015,0.013
6/16/2015,0.013
6/15/2015,0.01
6/12/2015,0.01
6/11/2015,0.013
6/10/2015,0.018
6/9/2015,0.018
6/8/2015,0.015
6/5/2015,0.018
6/4/2015,0.013
6/3/2015,0.015
6/2/2015,0.015
6/1/2015,0.01
5/29/2015,0.003
5/28/2015,0.008
5/27/2015,0.018
5/26/2015,0.015
5/22/2015,0.02
5/21/2015,0.018
5/20/2015,0.023
5/19/2015,0.02
5/18/2015,0.013
5/15/2015,0.015
5/14/2015,0.018
5/13/2015,0.02
5/12/2015,0.023
5/11/2015,0.013
5/8/2015,0.008
5/7/2015,0.01
5/6/2015,0.015
5/5/2015,0.013
5/4/2015,0.008
5/1/2015,0.008
4/30/2015,0.005
4/29/2015,0.008
4/28/2015,0.018
4/27/2015,0.018
4/24/2015,0.02
4/23/2015,0.025
4/22/2015,0.025
4/21/2015,0.025
4/20/2015,0.018
4/17/2015,0.018
4/16/2015,0.018
4/15/2015,0.02
4/14/2015,0.015
4/13/2015,0.013
4/10/2015,0.02
4/9/2015,0.025
4/8/2015,0.023
4/7/2015,0.025
4/6/2015,0.01
4/3/2015,0.0127
4/2/2015,0.015
4/1/2015,0.038
3/31/2015,0.036
3/30/2015,0.028
3/27/2015,0.038
3/26/2015,0.036
3/25/2015,0.023
3/24/2015,0.02
3/23/2015,0.005
3/20/2015,0.008
3/19/2015,0.015
3/18/2015,0.048
3/17/2015,0.053
3/16/2015,0.036
3/13/2015,0.028
3/12/2015,0.023
3/11/2015,0.018
3/10/2015,0.015
3/9/2015,0.01
3/6/2015,0.013
3/5/2015,0.01
3/4/2015,0.015
3/2/2015,0.013
2/27/2015,0.015
2/26/2015,0.02
2/25/2015,0.02
2/24/2015,0.023
2/23/2015,0.02
2/20/2015,0.015
2/19/2015,0.02
2/18/2015,0.02
2/17/2015,0.013
2/13/2015,0.01
2/12/2015,0.013
2/11/2015,0.01
2/10/2015,0.01
2/9/2015,0.01
2/6/2015,0.023
2/5/2015,0.015
2/4/2015,0.015
2/3/2015,0.023
2/2/2015,0.01
1/30/2015,0.013
1/29/2015,0.015
1/28/2015,0.02
1/27/2015,0.025
1/26/2015,0.01
1/23/2015,0.018
1/22/2015,0.02
1/21/2015,0.025
1/20/2015,0.015
1/16/2015,0.025
1/15/2015,0.028
1/14/2015,0.03
1/13/2015,0.03
1/12/2015,0.018
1/9/2015,0.02
1/8/2015,0.023
1/7/2015,0.025
1/6/2015,0.03
1/5/2015,0.008
1/2/2015,0.02
12/31/2014,0.041
12/30/2014,0.03
12/29/2014,0.013
12/26/2014,0.005
12/24/2014,0.028
12/23/2014,0.028
12/22/2014,0.023
12/19/2014,0.033
12/18/2014,0.041
12/17/2014,0.025
12/16/2014,0.035
12/15/2014,0.018
12/12/2014,0.02
12/11/2014,0.03
12/10/2014,0.03
12/9/2014,0.038
12/8/2014,0.013
12/5/2014,0.018
12/4/2014,0.02
12/3/2014,0.028
12/2/2014,0.025
12/1/2014,0.015
11/28/2014,0.013
11/26/2014,0.018
11/25/2014,0.028
11/24/2014,0.013
11/21/2014,0.0076
11/20/2014,0.008
11/19/2014,0.005
11/18/2014,0.017
11/17/2014,0.015
11/14/2014,0.013
11/13/2014,0.01
11/12/2014,0.018
11/10/2014,0.02
11/6/2014,0.023
11/5/2014,0.025
11/4/2014,0.028
11/3/2014,0.008
10/31/2014,0.008
10/30/2014,0.01
10/29/2014,0.02
10/28/2014,0.02
10/27/2014,0.01
10/24/2014,0.01
10/23/2014,0.005
10/22/2014,0.02
10/21/2014,0.023
10/20/2014,0.025
10/17/2014,0.028
10/16/2014,0.025
10/15/2014,0.015
10/14/2014,0.01
10/10/2014,0.01
10/9/2014,0.01
10/8/2014,0.01
10/7/2014,0.015
10/6/2014,0.015
10/3/2014,0.015
10/2/2014,0.015
10/1/2014,0.018
9/30/2014,0.023
9/29/2014,0.013
9/26/2014,0.013
9/25/2014,0.01
9/24/2014,0.018
9/23/2014,0.013
9/22/2014,0.005
9/19/2014,0.018
9/18/2014,0.015
9/17/2014,0.018
9/16/2014,0.02
9/15/2014,0.015
9/12/2014,0.015
9/11/2014,0.018
9/10/2014,0.02
9/9/2014,0.02
9/8/2014,0.025
9/5/2014,0.028
9/4/2014,0.028
9/3/2014,0.025
9/2/2014,0.025
8/29/2014,0.025
8/28/2014,0.028
8/27/2014,0.03
8/26/2014,0.03
8/25/2014,0.02
8/22/2014,0.023
8/21/2014,0.02
8/20/2014,0.03
8/19/2014,0.03
8/18/2014,0.028
8/15/2014,0.028
8/14/2014,0.033
8/13/2014,0.035
8/12/2014,0.03
8/11/2014,0.03
8/8/2014,0.025
8/7/2014,0.025
8/6/2014,0.025
8/5/2014,0.03
8/4/2014,0.02
8/1/2014,0.025
7/31/2014,0.0253
7/30/2014,0.0355
7/29/2014,0.0355
7/28/2014,0.0279
7/25/2014,0.0304
7/24/2014,0.0253
7/23/2014,0.0253
7/22/2014,0.0279
7/21/2014,0.0279
7/18/2014,0.0152
7/17/2014,0.0152
7/16/2014,0.0253
7/15/2014,0.0253
7/14/2014,0.0253
7/11/2014,0.0203
7/10/2014,0.0203
7/9/2014,0.0253
7/8/2014,0.033
7/7/2014,0.033
7/3/2014,0.0101
7/2/2014,0.0203
7/1/2014,0.0406
6/30/2014,0.0456
6/27/2014,0.0279
6/26/2014,0.0304
6/25/2014,0.0253
6/24/2014,0.0304
6/23/2014,0.0253
6/20/2014,0.0177
6/19/2014,0.0203
6/18/2014,0.0253
6/17/2014,0.0406
6/16/2014,0.0406
6/13/2014,0.0355
6/12/2014,0.0406
6/11/2014,0.038
6/10/2014,0.0355
6/9/2014,0.0355
6/6/2014,0.033
6/5/2014,0.0355
6/4/2014,0.0355
6/3/2014,0.0406
6/2/2014,0.0355
5/29/2014,0.0355
5/28/2014,0.033
5/27/2014,0.0355
5/26/2014,0.0355
5/23/2014,0.033
5/22/2014,0.0355
5/21/2014,0.0355
5/20/2014,0.0304
5/19/2014,0.0253
5/16/2014,0.0203
5/15/2014,0.0253
5/14/2014,0.0253
5/13/2014,0.0279
5/12/2014,0.0304
5/9/2014,0.0279
5/8/2014,0.033
5/7/2014,0.0304
5/6/2014,0.0253
5/5/2014,0.0279
5/2/2014,0.0228
5/1/2014,0.0279
4/30/2014,0.0253
4/29/2014,0.0203
4/28/2014,0.0228
4/25/2014,0.0152
4/24/2014,0.0152
4/23/2014,0.0203
4/22/2014,0.0304
4/21/2014,0.0304
4/17/2014,0.0304
4/16/2014,0.033
4/15/2014,0.0355
4/14/2014,0.0355
4/11/2014,0.038
4/10/2014,0.033
4/9/2014,0.0355
4/8/2014,0.0304
4/7/2014,0.0304
4/4/2014,0.0254
4/3/2014,0.0203
4/2/2014,0.0203
4/1/2014,0.0406
3/31/2014,0.0456
3/28/2014,0.0406
3/27/2014,0.0406
3/26/2014,0.0507
3/25/2014,0.0507
3/24/2014,0.0482
3/21/2014,0.0532
3/20/2014,0.0608
3/19/2014,0.0583
3/18/2014,0.0558
3/17/2014,0.0507
3/14/2014,0.0532
3/13/2014,0.0507
3/12/2014,0.0456
3/11/2014,0.0507
3/10/2014,0.0558
3/7/2014,0.0532
3/6/2014,0.0532
3/5/2014,0.0558
3/4/2014,0.0507
3/3/2014,0.0507
2/28/2014,0.0507
2/27/2014,0.0456
2/26/2014,0.0482
2/25/2014,0.0456
2/24/2014,0.0482
2/21/2014,0.0406
2/20/2014,0.0507
2/19/2014,0.0558
2/18/2014,0.0532
2/17/2014,0.0228
2/14/2014,0.0203
2/13/2014,0.033
2/12/2014,0.0507
2/11/2014,0.0684
2/10/2014,0.0684
2/7/2014,0.0862
2/6/2014,0.0684
2/5/2014,0.0608
2/4/2014,0.0558
2/3/2014,0.0532
1/31/2014,0.0203
1/30/2014,0.0203
1/29/2014,0.0431
1/28/2014,0.0507
1/27/2014,0.0532
1/24/2014,0.0456
1/23/2014,0.0406
1/22/2014,0.0355
1/21/2014,0.0355
1/20/2014,0.0406
1/17/2014,0.0355
1/16/2014,0.0355
1/15/2014,0.0431
1/14/2014,0.0355
1/13/2014,0.038
1/10/2014,0.0406
1/9/2014,0.0431
1/8/2014,0.0431
1/7/2014,0.0507
1/6/2014,0.0558
1/3/2014,0.0685
1/2/2014,0.0684
1/1/2014,0.0735
12/31/2013,0.0735
12/30/2013,0.071
12/27/2013,0.0659
12/26/2013,0.071
12/25/2013,0.0735
12/24/2013,0.0735
12/23/2013,0.0761
12/20/2013,0.0659
12/19/2013,0.071
12/18/2013,0.071
12/17/2013,0.0659
12/16/2013,0.071
12/13/2013,0.0659
12/12/2013,0.0684
12/11/2013,0.0735
12/10/2013,0.071
12/9/2013,0.071
12/6/2013,0.0608
12/5/2013,0.0507
12/4/2013,0.0558
12/3/2013,0.0634
12/2/2013,0.0608
11/29/2013,0.0608
11/28/2013,0.0659
11/27/2013,0.0634
11/26/2013,0.071
11/25/2013,0.0761
11/22/2013,0.0761
11/21/2013,0.0761
11/20/2013,0.0811
11/19/2013,0.0887
11/18/2013,0.0862
11/15/2013,0.0786
11/14/2013,0.0761
11/13/2013,0.0761
11/12/2013,0.0761
11/8/2013,0.0608
11/7/2013,0.0558
11/6/2013,0.0507
11/5/2013,0.0507
11/4/2013,0.0507
11/1/2013,0.0406
10/31/2013,0.038
10/30/2013,0.0406
10/29/2013,0.0456
10/28/2013,0.0431
10/25/2013,0.0355
10/24/2013,0.0355
10/23/2013,0.0355
10/22/2013,0.0406
10/21/2013,0.0406
10/18/2013,0.0304
10/17/2013,0.0482
10/16/2013,0.0963
10/15/2013,0.1318
10/11/2013,0.0684
10/10/2013,0.0532
10/9/2013,0.0456
10/8/2013,0.0558
10/7/2013,0.0355
10/4/2013,0.0279
10/3/2013,0.0304
10/2/2013,0.0279
10/1/2013,0.0304
9/30/2013,0.0152
9/27/2013,0.0203
9/26/2013,0.0051
9/25/2013,0.0203
9/24/2013,0.0253
9/23/2013,0.0203
9/20/2013,0.0152
9/19/2013,0.0101
9/18/2013,0.0101
9/17/2013,0.0101
9/16/2013,0.0101
9/13/2013,0.0177
9/12/2013,0.0228
9/11/2013,0.0253
9/10/2013,0.0203
9/9/2013,0.0253
9/6/2013,0.0203
9/5/2013,0.0253
9/4/2013,0.0228
9/3/2013,0.0253
9/2/2013,0.0304
8/30/2013,0.0254
8/29/2013,0.0304
8/28/2013,0.0355
8/27/2013,0.0406
8/26/2013,0.0406
8/23/2013,0.0304
8/22/2013,0.0355
8/21/2013,0.0456
8/20/2013,0.0532
8/19/2013,0.0558
8/16/2013,0.0456
8/15/2013,0.0507
8/14/2013,0.0507
8/13/2013,0.0558
8/12/2013,0.0583
8/9/2013,0.0532
8/8/2013,0.0507
8/7/2013,0.0456
8/6/2013,0.0507
8/5/2013,0.0456
8/2/2013,0.0355
8/1/2013,0.0406
7/31/2013,0.038
7/30/2013,0.0355
7/29/2013,0.0304
7/26/2013,0.0203
7/25/2013,0.0253
7/24/2013,0.0253
7/23/2013,0.0279
7/22/2013,0.0355
7/19/2013,0.0254
7/18/2013,0.0304
7/17/2013,0.033
7/16/2013,0.0406
7/15/2013,0.0406
7/12/2013,0.038
7/11/2013,0.0406
7/10/2013,0.0406
7/9/2013,0.0431
7/8/2013,0.0456
7/5/2013,0.0406
7/4/2013,0.0406
7/3/2013,0.0406
7/2/2013,0.0406
7/1/2013,0.0406
6/28/2013,0.0355
6/27/2013,0.0558
6/26/2013,0.0608
6/25/2013,0.0634
6/24/2013,0.0608
6/21/2013,0.0456
6/20/2013,0.0507
6/19/2013,0.0507
6/18/2013,0.0532
6/17/2013,0.0456
6/14/2013,0.0456
6/13/2013,0.0482
6/12/2013,0.0482
6/11/2013,0.0456
6/10/2013,0.0456
6/7/2013,0.0456
6/6/2013,0.0507
6/5/2013,0.0507
6/4/2013,0.0482
6/3/2013,0.0482
5/31/2013,0.038
5/30/2013,0.033
5/29/2013,0.0482
5/28/2013,0.0482
5/27/2013,0.0431
5/24/2013,0.0431
5/23/2013,0.0431
5/22/2013,0.0406
5/21/2013,0.0456
5/20/2013,0.0456
5/17/2013,0.0355
5/16/2013,0.033
5/15/2013,0.0406
5/14/2013,0.0482
5/13/2013,0.0482
5/10/2013,0.0406
5/9/2013,0.0456
5/8/2013,0.0456
5/7/2013,0.0431
5/6/2013,0.0431
5/3/2013,0.0507
5/2/2013,0.0558
5/1/2013,0.0558
4/30/2013,0.0507
4/29/2013,0.0507
4/26/2013,0.0532
4/25/2013,0.0558
4/24/2013,0.0558
4/23/2013,0.0532
4/22/2013,0.0532
4/19/2013,0.0507
4/18/2013,0.0558
4/17/2013,0.0558
4/16/2013,0.0558
4/15/2013,0.0634
4/12/2013,0.0608
4/11/2013,0.0684
4/10/2013,0.071
4/9/2013,0.071
4/8/2013,0.0659
4/5/2013,0.0659
4/4/2013,0.071
4/3/2013,0.0608
4/2/2013,0.0761
4/1/2013,0.0786
3/28/2013,0.071
3/27/2013,0.0862
3/26/2013,0.0761
3/25/2013,0.0761
3/22/2013,0.0685
3/21/2013,0.0684
3/20/2013,0.071
3/19/2013,0.0786
3/18/2013,0.0862
3/15/2013,0.0887
3/14/2013,0.0963
3/13/2013,0.0913
3/12/2013,0.1014
3/11/2013,0.1014
3/8/2013,0.0938
3/7/2013,0.0963
3/6/2013,0.0963
3/5/2013,0.0989
3/4/2013,0.0913
3/1/2013,0.1065
2/28/2013,0.1065
2/27/2013,0.109
2/26/2013,0.1217
2/25/2013,0.1217
2/22/2013,0.1268
2/21/2013,0.1242
2/20/2013,0.1217
2/19/2013,0.1192
2/18/2013,0.1014
2/15/2013,0.1014
2/14/2013,0.1014
2/13/2013,0.0938
2/12/2013,0.0862
2/11/2013,0.0887
2/8/2013,0.071
2/7/2013,0.071
2/6/2013,0.071
2/5/2013,0.0786
2/4/2013,0.071
2/1/2013,0.0685
1/31/2013,0.0786
1/30/2013,0.071
1/29/2013,0.071
1/28/2013,0.0761
1/25/2013,0.0761
1/24/2013,0.0811
1/23/2013,0.0761
1/22/2013,0.0761
1/21/2013,0.076
1/18/2013,0.0761
1/17/2013,0.0811
1/16/2013,0.0761
1/15/2013,0.0862
1/14/2013,0.0761
1/11/2013,0.071
1/10/2013,0.0684
1/9/2013,0.0608
1/8/2013,0.0659
1/7/2013,0.0684
1/4/2013,0.071
1/3/2013,0.071
1/2/2013,0.0761
1/1/2013,0.0456
12/31/2012,0.0456
12/28/2012,0.0101
12/27/2012,0.0761
12/26/2012,0.0862
12/25/2012,0.0608
12/24/2012,0.0558
12/21/2012,0.0583
12/20/2012,0.0558
12/19/2012,0.0558
12/18/2012,0.0558
12/17/2012,0.0406
12/14/2012,0.033
12/13/2012,0.0659
12/12/2012,0.071
12/11/2012,0.0811
12/10/2012,0.0913
12/7/2012,0.0862
12/6/2012,0.0963
12/5/2012,0.0989
12/4/2012,0.0963
12/3/2012,0.0963
11/30/2012,0.0811
11/29/2012,0.0913
11/28/2012,0.1014
11/27/2012,0.1014
11/26/2012,0.1014
11/23/2012,0.0938
11/22/2012,0.0963
11/21/2012,0.0963
11/20/2012,0.091
11/19/2012,0.0913
11/16/2012,0.081
11/15/2012,0.0811
11/14/2012,0.1065
11/13/2012,0.1065
11/12/2012,0.0941
11/9/2012,0.0941
11/8/2012,0.0915
11/7/2012,0.0992
11/6/2012,0.1068
11/5/2012,0.1068
11/2/2012,0.0963
11/1/2012,0.0989
10/31/2012,0.1141
10/30/2012,0.1318
10/29/2012,0.1293
10/26/2012,0.1116
10/25/2012,0.1141
10/24/2012,0.1116
10/23/2012,0.1065
10/22/2012,0.1065
10/19/2012,0.0963
10/18/2012,0.1065
10/17/2012,0.109
10/16/2012,0.1116
10/15/2012,0.1116
10/12/2012,0.1017
10/11/2012,0.1017
10/10/2012,0.1017
10/9/2012,0.1017
10/8/2012,0.1014
10/5/2012,0.1014
10/4/2012,0.104
10/3/2012,0.0913
10/2/2012,0.0913
10/1/2012,0.0862
9/28/2012,0.0938
9/27/2012,0.0938
9/26/2012,0.1065
9/25/2012,0.1116
9/24/2012,0.1116
9/21/2012,0.1065
9/20/2012,0.109
9/19/2012,0.1116
9/18/2012,0.1039
9/17/2012,0.1065
9/14/2012,0.1042
9/13/2012,0.1017
9/12/2012,0.1017
9/11/2012,0.1017
9/10/2012,0.1042
9/7/2012,0.1065
9/6/2012,0.1065
9/5/2012,0.1065
9/4/2012,0.1014
9/3/2012,0.0913
8/31/2012,0.0913
8/30/2012,0.0989
8/29/2012,0.1014
8/28/2012,0.1065
8/27/2012,0.1065
8/24/2012,0.0989
8/23/2012,0.0989
8/22/2012,0.1065
8/21/2012,0.1116
8/20/2012,0.1065
8/17/2012,0.0864
8/16/2012,0.0813
8/15/2012,0.0864
8/14/2012,0.1119
8/13/2012,0.1119
8/10/2012,0.104
8/9/2012,0.1192
8/8/2012,0.109
8/7/2012,0.1065
8/6/2012,0.1014
8/3/2012,0.0811
8/2/2012,0.0913
8/1/2012,0.0963
7/31/2012,0.1065
7/30/2012,0.1116
7/27/2012,0.1065
7/26/2012,0.1065
7/25/2012,0.1014
7/24/2012,0.1014
7/23/2012,0.1014
7/20/2012,0.0915
7/19/2012,0.0864
7/18/2012,0.0915
7/17/2012,0.1017
7/16/2012,0.1017
7/13/2012,0.0963
7/12/2012,0.1014
7/11/2012,0.0963
7/10/2012,0.0913
7/9/2012,0.0913
7/6/2012,0.0761
7/5/2012,0.0786
7/4/2012,0.0862
7/3/2012,0.0862
7/2/2012,0.1014
6/29/2012,0.0862
6/28/2012,0.0862
6/27/2012,0.0862
6/26/2012,0.0963
6/25/2012,0.0963
6/22/2012,0.0813
6/21/2012,0.0813
6/20/2012,0.0864
6/19/2012,0.0915
6/18/2012,0.0966
6/15/2012,0.0913
6/14/2012,0.1014
6/13/2012,0.0963
6/12/2012,0.0963
6/11/2012,0.0913
6/8/2012,0.0837
6/7/2012,0.0862
6/6/2012,0.0862
6/5/2012,0.0811
6/4/2012,0.0811
6/1/2012,0.0685
5/31/2012,0.071
5/30/2012,0.071
5/29/2012,0.0862
5/28/2012,0.0864
5/25/2012,0.0864
5/24/2012,0.0966
5/23/2012,0.0864
5/22/2012,0.0915
5/21/2012,0.0864
5/18/2012,0.0814
5/17/2012,0.0966
5/16/2012,0.0966
5/15/2012,0.0966
5/14/2012,0.0992
5/11/2012,0.0941
5/10/2012,0.0966
5/9/2012,0.0941
5/8/2012,0.0966
5/7/2012,0.0966
5/4/2012,0.0737
5/3/2012,0.0788
5/2/2012,0.0814
5/1/2012,0.0915
4/30/2012,0.0966
4/27/2012,0.0915
4/26/2012,0.0915
4/25/2012,0.0915
4/24/2012,0.089
4/23/2012,0.0814
4/20/2012,0.0737
4/19/2012,0.0712
4/18/2012,0.0712
4/17/2012,0.0814
4/16/2012,0.0814
4/13/2012,0.0864
4/12/2012,0.089
4/11/2012,0.089
4/10/2012,0.0864
4/9/2012,0.0864
4/6/2012,0.0737
4/5/2012,0.0737
4/4/2012,0.0763
4/3/2012,0.0814
4/2/2012,0.0788
3/30/2012,0.0712
3/29/2012,0.061
3/28/2012,0.0814
3/27/2012,0.0864
3/26/2012,0.1475
3/23/2012,0.0763
3/22/2012,0.0763
3/21/2012,0.0915
3/20/2012,0.1017
3/19/2012,0.0966
3/16/2012,0.0864
3/15/2012,0.0813
3/14/2012,0.0864
3/13/2012,0.0864
3/12/2012,0.0864
3/9/2012,0.0864
3/8/2012,0.0813
3/7/2012,0.0814
3/6/2012,0.0763
3/5/2012,0.0814
3/2/2012,0.0661
3/1/2012,0.0737
2/29/2012,0.0814
2/28/2012,0.1068
2/27/2012,0.117
2/24/2012,0.0992
2/23/2012,0.0941
2/22/2012,0.0864
2/21/2012,0.0915
2/20/2012,0.0763
2/17/2012,0.0814
2/16/2012,0.1042
2/15/2012,0.1119
2/14/2012,0.117
2/13/2012,0.102
2/10/2012,0.089
2/9/2012,0.0915
2/8/2012,0.0814
2/7/2012,0.0814
2/6/2012,0.0864
2/3/2012,0.0788
2/2/2012,0.0839
2/1/2012,0.061
1/31/2012,0.0559
1/30/2012,0.0559
1/27/2012,0.0585
1/26/2012,0.0508
1/25/2012,0.0407
1/24/2012,0.0407
1/23/2012,0.0407
1/20/2012,0.0458
1/19/2012,0.0407
1/18/2012,0.028
1/17/2012,0.0305
1/16/2012,0.028
1/13/2012,0.028
1/12/2012,0.028
1/11/2012,0.0203
1/10/2012,0.0153
1/9/2012,0.0127
1/6/2012,0.0153
1/5/2012,0.0153
1/4/2012,0.0153
1/3/2012,0.0203
1/2/2012,0.0203
12/30/2011,0.0203
12/29/2011,0.0102
12/28/2011,0.0076
12/27/2011,0.0229
12/26/2011,0.0025
12/23/2011,0.002
12/22/2011,0.0076
12/21/2011,0.0102
12/20/2011,0.0076
12/19/2011,0.0051
12/16/2011,0.002
12/15/2011,0.0025
12/14/2011,0.0025
12/13/2011,0.0102
12/12/2011,0.0102
12/9/2011,0.0076
12/8/2011,0.0076
12/7/2011,0.0076
12/6/2011,0.0102
12/5/2011,0.0102
12/2/2011,0.0025
12/1/2011,-0.0025
11/30/2011,0.0076
11/29/2011,0.0203
11/28/2011,0.0305
11/25/2011,0.0203
11/24/2011,0.0229
11/23/2011,0.0203
11/22/2011,0.0254
11/21/2011,0.0102
11/18/2011,0.0076
11/17/2011,0.0076
11/16/2011,0.0102
11/15/2011,0.0153
11/14/2011,0.0101
11/11/2011,0.0076
11/10/2011,0.0076
11/9/2011,0.0101
11/8/2011,0.0101
11/7/2011,0.0051
11/4/2011,0.0025
11/3/2011,0.0076
11/2/2011,0.0076
11/1/2011,0.0051
10/31/2011,-0.0102
10/28/2011,0.0102
10/27/2011,0.0153
10/26/2011,0.0178
10/25/2011,0.0203
10/24/2011,0.0102
10/21/2011,0.0203
10/20/2011,0.0178
10/19/2011,0.0254
10/18/2011,0.0305
10/17/2011,0.0254
10/14/2011,0.0203
10/13/2011,0.0203
10/12/2011,0.0203
10/11/2011,0.0076
10/10/2011,0.01
10/7/2011,0.0102
10/6/2011,0.0051
10/5/2011,0.0025
10/4/2011,0.0076
10/3/2011,0.0076
9/30/2011,0.0254
9/29/2011,0.0153
9/28/2011,0.0102
9/27/2011,0.0153
9/26/2011,0.0076
9/23/2011,0.0051
9/22/2011,0.0051
9/21/2011,0.0102
9/20/2011,0.0102
9/19/2011,0.0076
9/16/2011,0.0025
9/15/2011,0.0025
9/14/2011,0.0051
9/13/2011,0.0127
9/12/2011,0.0102
9/9/2011,0.0102
9/8/2011,0.0153
9/7/2011,0.0203
9/6/2011,0.0203
9/5/2011,0.02
9/2/2011,0.0203
9/1/2011,0.0153
8/31/2011,0.0153
8/30/2011,0.0153
8/29/2011,0.0076
8/26/2011,0.0051
8/25/2011,0.0051
8/24/2011,0.0102
8/23/2011,0.0102
8/22/2011,0.0025
8/19/2011,0.0076
8/18/2011,0.0076
8/17/2011,0.0127
8/16/2011,0.0253
8/15/2011,0.0076
8/12/2011,0.0076
8/11/2011,0.0127
8/10/2011,0.0153
8/9/2011,0.0356
8/8/2011,0.0254
8/5/2011,0.0076
8/4/2011,0.0076
8/3/2011,0.028
8/2/2011,0.0636
8/1/2011,0.0814
7/29/2011,0.0992
7/28/2011,0.0763
7/27/2011,0.0712
7/26/2011,0.0712
7/25/2011,0.0406
7/22/2011,0.0355
7/21/2011,0.038
7/20/2011,0.0254
7/19/2011,0.0228
7/18/2011,0.0102
7/15/2011,0.0076
7/14/2011,0.0102
7/13/2011,0.0051
7/12/2011,0.0305
7/11/2011,0.0203
7/8/2011,0.028
7/7/2011,0.028
7/6/2011,0.0102
7/5/2011,0.0051
7/4/2011,0.015
7/1/2011,0.0178
6/30/2011,0.0203
6/29/2011,0.0229
6/28/2011,0.0305
6/27/2011,0.0203
6/24/2011,0.0177
6/23/2011,0.0101
6/22/2011,0.0152
6/21/2011,0.0253
6/20/2011,0.0229
6/17/2011,0.028
6/16/2011,0.0432
6/15/2011,0.0559
6/14/2011,0.0534
6/13/2011,0.0458
6/10/2011,0.0407
6/9/2011,0.0432
6/8/2011,0.0407
6/7/2011,0.0458
6/6/2011,0.0305
6/3/2011,0.0356
6/2/2011,0.0407
6/1/2011,0.0458
5/31/2011,0.0532
5/30/2011,0.046
5/27/2011,0.0456
5/26/2011,0.0507
5/25/2011,0.0558
5/24/2011,0.0558
5/23/2011,0.0507
5/20/2011,0.046
5/19/2011,0.0482
5/18/2011,0.0406
5/17/2011,0.0406
5/16/2011,0.0254
5/13/2011,0.0254
5/12/2011,0.0228
5/11/2011,0.0254
5/10/2011,0.033
5/9/2011,0.0101
5/6/2011,0.0152
5/5/2011,0.0101
5/4/2011,0.0304
5/3/2011,0.0304
5/2/2011,0.0355
4/29/2011,0.0431
4/28/2011,0.0431
4/27/2011,0.0608
4/26/2011,0.0659
4/25/2011,0.0532
4/22/2011,0.056
4/21/2011,0.0583
4/20/2011,0.0659
4/19/2011,0.061
4/18/2011,0.0608
4/15/2011,0.0685
4/14/2011,0.071
4/13/2011,0.0558
4/12/2011,0.0507
4/11/2011,0.0406
4/8/2011,0.0406
4/7/2011,0.0406
4/6/2011,0.0659
4/5/2011,0.071
4/4/2011,0.0406
4/1/2011,0.0634
3/31/2011,0.0938
3/30/2011,0.0938
3/29/2011,0.0989
3/28/2011,0.0862
3/25/2011,0.0887
3/24/2011,0.0862
3/23/2011,0.1116
3/22/2011,0.1014
3/21/2011,0.0761
3/18/2011,0.071
3/17/2011,0.0811
3/16/2011,0.0963
3/15/2011,0.1014
3/14/2011,0.0837
3/11/2011,0.0761
3/10/2011,0.0735
3/9/2011,0.1014
3/8/2011,0.1116
3/7/2011,0.1116
3/4/2011,0.1192
3/3/2011,0.1293
3/2/2011,0.1293
3/1/2011,0.1395
2/28/2011,0.142
2/25/2011,0.1318
2/24/2011,0.1242
2/23/2011,0.1217
2/22/2011,0.1116
2/21/2011,0.096
2/18/2011,0.0963
2/17/2011,0.0963
2/16/2011,0.1141
2/15/2011,0.1293
2/14/2011,0.1166
2/11/2011,0.1192
2/10/2011,0.1166
2/9/2011,0.1369
2/8/2011,0.1521
2/7/2011,0.1496
2/4/2011,0.1521
2/3/2011,0.1521
2/2/2011,0.1572
2/1/2011,0.1572
1/31/2011,0.1521
1/28/2011,0.1471
1/27/2011,0.1471
1/26/2011,0.1623
1/25/2011,0.1572
1/24/2011,0.1572
1/21/2011,0.1572
1/20/2011,0.1623
1/19/2011,0.1623
1/18/2011,0.1521
1/17/2011,0.152
1/14/2011,0.1521
1/13/2011,0.1471
1/12/2011,0.1496
1/11/2011,0.1521
1/10/2011,0.142
1/7/2011,0.142
1/6/2011,0.1471
1/5/2011,0.142
1/4/2011,0.142
1/3/2011,0.1242
12/31/2010,0.127
12/30/2010,0.117
12/29/2010,0.132
12/28/2010,0.147
12/27/2010,0.134
12/24/2010,0.137
12/23/2010,0.14
12/22/2010,0.137
12/21/2010,0.142
12/20/2010,0.106
12/17/2010,0.109
12/16/2010,0.132
12/15/2010,0.145
12/14/2010,0.145
12/13/2010,0.127
12/10/2010,0.122
12/9/2010,0.142
12/8/2010,0.142
12/7/2010,0.147
12/6/2010,0.129
12/3/2010,0.14
12/2/2010,0.152
12/1/2010,0.165
11/30/2010,0.167
11/29/2010,0.162
11/26/2010,0.16
11/25/2010,0.183
11/24/2010,0.183
11/23/2010,0.152
11/22/2010,0.132
11/19/2010,0.137
11/18/2010,0.14
11/17/2010,0.142
11/16/2010,0.142
11/15/2010,0.134
11/12/2010,0.132
11/11/2010,0.132
11/10/2010,0.132
11/9/2010,0.132
11/8/2010,0.124
11/5/2010,0.122
11/4/2010,0.122
11/3/2010,0.127
11/2/2010,0.132
11/1/2010,0.114
10/29/2010,0.119
10/28/2010,0.132
10/27/2010,0.137
10/26/2010,0.137
10/25/2010,0.122
10/22/2010,0.127
10/21/2010,0.129
10/20/2010,0.14
10/19/2010,0.142
10/18/2010,0.142
10/15/2010,0.142
10/14/2010,0.142
10/13/2010,0.137
10/12/2010,0.122
10/8/2010,0.122
10/7/2010,0.122
10/6/2010,0.122
10/5/2010,0.119
10/4/2010,0.155
10/1/2010,0.157
9/30/2010,0.162
9/29/2010,0.162
9/28/2010,0.157
9/27/2010,0.137
9/24/2010,0.147
9/23/2010,0.157
9/22/2010,0.16
9/21/2010,0.162
9/20/2010,0.157
9/17/2010,0.155
9/16/2010,0.157
9/15/2010,0.16
9/14/2010,0.152
9/13/2010,0.145
9/10/2010,0.14
9/9/2010,0.142
9/8/2010,0.137
9/7/2010,0.132
9/3/2010,0.132
9/2/2010,0.134
9/1/2010,0.137
8/31/2010,0.142
8/30/2010,0.137
8/27/2010,0.147
8/26/2010,0.152
8/25/2010,0.157
8/24/2010,0.162
8/23/2010,0.157
8/20/2010,0.152
8/19/2010,0.152
8/18/2010,0.157
8/17/2010,0.162
8/16/2010,0.157
8/13/2010,0.155
8/12/2010,0.155
8/11/2010,0.152
8/10/2010,0.157
8/9/2010,0.145
8/6/2010,0.145
8/5/2010,0.15
8/4/2010,0.155
8/3/2010,0.16
8/2/2010,0.147
7/30/2010,0.147
7/29/2010,0.152
7/28/2010,0.155
7/27/2010,0.157
7/26/2010,0.155
7/23/2010,0.152
7/22/2010,0.152
7/21/2010,0.157
7/20/2010,0.157
7/19/2010,0.152
7/16/2010,0.152
7/15/2010,0.152
7/14/2010,0.152
7/13/2010,0.157
7/12/2010,0.152
7/9/2010,0.152
7/8/2010,0.152
7/7/2010,0.165
7/6/2010,0.167
7/2/2010,0.17
7/1/2010,0.172
6/30/2010,0.177
6/29/2010,0.167
6/28/2010,0.142
6/25/2010,0.134
6/24/2010,0.129
6/23/2010,0.129
6/22/2010,0.132
6/21/2010,0.114
6/18/2010,0.101
6/17/2010,0.096
6/16/2010,0.096
6/15/2010,0.089
6/14/2010,0.061
6/11/2010,0.079
6/10/2010,0.089
6/9/2010,0.099
6/8/2010,0.119
6/7/2010,0.117
6/4/2010,0.129
6/3/2010,0.145
6/2/2010,0.152
6/1/2010,0.152
5/28/2010,0.162
5/27/2010,0.167
5/26/2010,0.167
5/25/2010,0.167
5/24/2010,0.157
5/21/2010,0.162
5/20/2010,0.162
5/19/2010,0.17
5/18/2010,0.172
5/17/2010,0.157
5/14/2010,0.152
5/13/2010,0.162
5/12/2010,0.157
5/11/2010,0.157
5/10/2010,0.152
5/7/2010,0.127
5/6/2010,0.114
5/5/2010,0.155
5/4/2010,0.17
5/3/2010,0.167
4/30/2010,0.165
4/29/2010,0.167
4/28/2010,0.162
4/27/2010,0.152
4/26/2010,0.157
4/23/2010,0.157
4/22/2010,0.157
4/21/2010,0.155
4/20/2010,0.152
4/19/2010,0.152
4/16/2010,0.157
4/15/2010,0.16
4/14/2010,0.16
4/13/2010,0.157
4/12/2010,0.142
4/9/2010,0.157
4/8/2010,0.162
4/7/2010,0.167
4/6/2010,0.172
4/5/2010,0.167
4/2/2010,0.167
4/1/2010,0.162
3/31/2010,0.157
3/30/2010,0.155
3/29/2010,0.132
3/26/2010,0.14
3/25/2010,0.137
3/24/2010,0.142
3/23/2010,0.137
3/22/2010,0.142
3/19/2010,0.157
3/18/2010,0.155
3/17/2010,0.155
3/16/2010,0.162
3/15/2010,0.152
3/12/2010,0.15
3/11/2010,0.152
3/10/2010,0.152
3/9/2010,0.157
3/8/2010,0.152
3/5/2010,0.152
3/4/2010,0.142
3/3/2010,0.142
3/2/2010,0.132
3/1/2010,0.127
2/26/2010,0.124
2/25/2010,0.122
2/24/2010,0.117
2/23/2010,0.117
2/22/2010,0.094
2/19/2010,0.106
2/18/2010,0.101
2/17/2010,0.099
2/16/2010,0.094
2/12/2010,0.096
2/11/2010,0.101
2/10/2010,0.106
2/9/2010,0.109
2/8/2010,0.099
2/5/2010,0.094
2/4/2010,0.091
2/3/2010,0.101
2/2/2010,0.099
2/1/2010,0.091
1/29/2010,0.076
1/28/2010,0.079
1/27/2010,0.076
1/26/2010,0.071
1/25/2010,0.051
1/22/2010,0.051
1/21/2010,0.051
1/20/2010,0.053
1/19/2010,0.058
1/15/2010,0.061
1/14/2010,0.053
1/13/2010,0.056
1/12/2010,0.048
1/11/2010,0.033
1/8/2010,0.051
1/7/2010,0.053
1/6/2010,0.056
1/5/2010,0.066
1/4/2010,0.063
12/31/2009,0.061
12/30/2009,0.043
12/29/2009,0.101
12/28/2009,0.063
12/24/2009,0.048
12/23/2009,0.066
12/22/2009,0.076
12/21/2009,0.051
12/18/2009,0.046
12/17/2009,0.043
12/16/2009,0.041
12/15/2009,0.046
12/14/2009,0.03
12/11/2009,0.025
12/10/2009,0.028
12/9/2009,0.033
12/8/2009,0.025
12/7/2009,0.023
12/4/2009,0.051
12/3/2009,0.048
12/2/2009,0.046
12/1/2009,0.056
11/30/2009,0.056
11/27/2009,0.028
11/26/2009,0.04
11/25/2009,0.046
11/24/2009,0.046
11/23/2009,0.025
11/20/2009,0.02
11/19/2009,0.02
11/18/2009,0.03
11/17/2009,0.063
11/16/2009,0.058
11/13/2009,0.063
11/12/2009,0.063
11/10/2009,0.066
11/9/2009,0.053
11/6/2009,0.056
11/5/2009,0.041
11/4/2009,0.051
11/3/2009,0.053
11/2/2009,0.051
10/30/2009,0.051
10/29/2009,0.058
10/28/2009,0.071
10/27/2009,0.076
10/26/2009,0.056
10/23/2009,0.061
10/22/2009,0.053
10/21/2009,0.071
10/20/2009,0.084
10/19/2009,0.068
10/16/2009,0.066
10/15/2009,0.063
10/14/2009,0.061
10/13/2009,0.066
10/12/2009,0.085
10/9/2009,0.071
10/8/2009,0.066
10/7/2009,0.086
10/6/2009,0.076
10/5/2009,0.096
10/2/2009,0.099
10/1/2009,0.101
9/30/2009,0.127
9/29/2009,0.127
9/28/2009,0.099
9/25/2009,0.101
9/24/2009,0.096
9/23/2009,0.101
9/22/2009,0.106
9/21/2009,0.094
9/18/2009,0.086
9/17/2009,0.099
9/16/2009,0.117
9/15/2009,0.134
9/14/2009,0.137
9/11/2009,0.142
9/10/2009,0.145
9/9/2009,0.147
9/8/2009,0.134
9/4/2009,0.137
9/3/2009,0.137
9/2/2009,0.137
9/1/2009,0.142
8/31/2009,0.142
8/28/2009,0.14
8/27/2009,0.147
8/26/2009,0.157
8/25/2009,0.165
8/24/2009,0.162
8/21/2009,0.167
8/20/2009,0.165
8/19/2009,0.167
8/18/2009,0.185
8/17/2009,0.177
8/14/2009,0.175
8/13/2009,0.175
8/12/2009,0.183
8/11/2009,0.188
8/10/2009,0.167
8/7/2009,0.177
8/6/2009,0.175
8/5/2009,0.183
8/4/2009,0.185
8/3/2009,0.193
7/31/2009,0.185
7/30/2009,0.185
7/29/2009,0.203
7/28/2009,0.198
7/27/2009,0.193
7/24/2009,0.188
7/23/2009,0.188
7/22/2009,0.188
7/21/2009,0.188
7/20/2009,0.172
7/17/2009,0.172
7/16/2009,0.172
7/15/2009,0.183
7/14/2009,0.183
7/13/2009,0.183
7/10/2009,0.177
7/9/2009,0.183
7/8/2009,0.185
7/7/2009,0.188
7/6/2009,0.162
7/2/2009,0.162
7/1/2009,0.172
6/30/2009,0.193
6/29/2009,0.183
6/26/2009,0.188
6/25/2009,0.172
6/24/2009,0.198
6/23/2009,0.205
6/22/2009,0.193
6/19/2009,0.18
6/18/2009,0.177
6/17/2009,0.172
6/16/2009,0.175
6/15/2009,0.162
6/12/2009,0.172
6/11/2009,0.177
6/10/2009,0.177
6/9/2009,0.183
6/8/2009,0.18
6/5/2009,0.19
6/4/2009,0.15
6/3/2009,0.132
6/2/2009,0.134
6/1/2009,0.099
5/29/2009,0.137
5/28/2009,0.145
5/27/2009,0.162
5/26/2009,0.177
5/22/2009,0.183
5/21/2009,0.183
5/20/2009,0.183
5/19/2009,0.183
5/18/2009,0.172
5/15/2009,0.165
5/14/2009,0.162
5/13/2009,0.177
5/12/2009,0.188
5/11/2009,0.17
5/8/2009,0.18
5/7/2009,0.188
5/6/2009,0.188
5/5/2009,0.193
5/4/2009,0.188
5/1/2009,0.155
4/30/2009,0.132
4/29/2009,0.101
4/28/2009,0.127
4/27/2009,0.096
4/24/2009,0.106
4/23/2009,0.106
4/22/2009,0.137
4/21/2009,0.152
4/20/2009,0.132
4/17/2009,0.142
4/16/2009,0.137
4/15/2009,0.152
4/14/2009,0.177
4/13/2009,0.177
4/9/2009,0.188
4/8/2009,0.183
4/7/2009,0.198
4/6/2009,0.193
4/3/2009,0.208
4/2/2009,0.213
4/1/2009,0.208
3/31/2009,0.208
3/30/2009,0.142
3/27/2009,0.137
3/26/2009,0.147
3/25/2009,0.193
3/24/2009,0.213
3/23/2009,0.208
3/20/2009,0.208
3/19/2009,0.198
3/18/2009,0.208
3/17/2009,0.238
3/16/2009,0.233
3/13/2009,0.208
3/12/2009,0.203
3/11/2009,0.228
3/10/2009,0.243
3/9/2009,0.213
3/6/2009,0.208
3/5/2009,0.183
3/4/2009,0.254
3/3/2009,0.264
3/2/2009,0.243
2/27/2009,0.254
2/26/2009,0.274
2/25/2009,0.304
2/24/2009,0.299
2/23/2009,0.279
2/20/2009,0.274
2/19/2009,0.31
2/18/2009,0.315
2/17/2009,0.299
2/13/2009,0.304
2/12/2009,0.299
2/11/2009,0.32
2/10/2009,0.32
2/9/2009,0.284
2/6/2009,0.294
2/5/2009,0.294
2/4/2009,0.304
2/3/2009,0.32
2/2/2009,0.264
1/30/2009,0.243
1/29/2009,0.228
1/28/2009,0.183
1/27/2009,0.142
1/26/2009,0.117
1/23/2009,0.101
1/22/2009,0.106
1/21/2009,0.122
1/20/2009,0.117
1/16/2009,0.117
1/15/2009,0.106
1/14/2009,0.106
1/13/2009,0.117
1/12/2009,0.066
1/9/2009,0.066
1/8/2009,0.081
1/7/2009,0.101
1/6/2009,0.137
1/5/2009,0.091
1/2/2009,0.081
12/31/2008,0.127
12/30/2008,0.081
12/29/2008,0.02
12/26/2008,0.02
12/24/2008,0.015
12/23/2008,0.015
12/22/2008,0.015
12/19/2008,0.02
12/18/2008,0.005
12/17/2008,0.005
12/16/2008,0.015
12/15/2008,0.025
12/12/2008,0.036
12/11/2008,0.005
12/10/2008,0.015
12/9/2008,0.03
12/8/2008,0.008
12/5/2008,0.025
12/4/2008,0.018
12/3/2008,0.015
12/2/2008,0.035
12/1/2008,0.025
11/28/2008,0.036
11/26/2008,0.071
11/25/2008,0.122
11/24/2008,0.025
11/21/2008,0.03
11/20/2008,0.02
11/19/2008,0.061
11/18/2008,0.132
11/17/2008,0.101
11/14/2008,0.122
11/13/2008,0.198
11/12/2008,0.147
11/10/2008,0.223
11/7/2008,0.284
11/6/2008,0.304
11/5/2008,0.406
11/4/2008,0.487
11/3/2008,0.452
10/31/2008,0.442
10/30/2008,0.36
10/29/2008,0.553
10/28/2008,0.777
10/27/2008,0.752
10/24/2008,0.879
10/23/2008,0.976
10/22/2008,1.032
10/21/2008,1.088
10/20/2008,1.093
10/17/2008,0.808
10/16/2008,0.497
10/15/2008,0.228
10/14/2008,0.269
10/10/2008,0.233
10/9/2008,0.513
10/8/2008,0.563
10/7/2008,0.701
10/6/2008,0.447
10/3/2008,0.508
10/2/2008,0.701
10/1/2008,0.798
9/30/2008,0.91
9/29/2008,0.132
9/26/2008,0.843
9/25/2008,0.782
9/24/2008,0.457
9/23/2008,0.803
9/22/2008,0.904
9/19/2008,1.006
9/18/2008,0.228
9/17/2008,0.041
9/16/2008,0.696
9/15/2008,0.792
9/12/2008,1.47
9/11/2008,1.629
9/10/2008,1.634
9/9/2008,1.654
9/8/2008,1.695
9/5/2008,1.756
9/4/2008,1.675
9/3/2008,1.706
9/2/2008,1.669
8/29/2008,1.726
8/28/2008,1.736
8/27/2008,1.654
8/26/2008,1.695
8/25/2008,1.68
8/22/2008,1.71
8/21/2008,1.711
8/20/2008,1.695
8/19/2008,1.803
8/18/2008,1.777
8/15/2008,1.848
8/14/2008,1.864
8/13/2008,1.849
8/12/2008,1.854
8/11/2008,1.797
8/8/2008,1.685
8/7/2008,1.68
8/6/2008,1.634
8/5/2008,1.736
8/4/2008,1.71
8/1/2008,1.659
7/31/2008,1.67
7/30/2008,1.7
7/29/2008,1.721
7/28/2008,1.695
7/25/2008,1.741
7/24/2008,1.634
7/23/2008,1.547
7/22/2008,1.552
7/21/2008,1.424
7/18/2008,1.475
7/17/2008,1.389
7/16/2008,1.363
7/15/2008,1.409
7/14/2008,1.455
7/11/2008,1.577
7/10/2008,1.67
7/9/2008,1.803
7/8/2008,1.905
7/7/2008,1.812
7/3/2008,1.853
7/2/2008,1.808
7/1/2008,1.864
6/30/2008,1.72
6/27/2008,1.639
6/26/2008,1.711
6/25/2008,1.803
6/24/2008,1.859
6/23/2008,1.894
6/20/2008,1.869
6/19/2008,1.915
6/18/2008,1.92
6/17/2008,1.982
6/16/2008,1.945
6/13/2008,1.992
6/12/2008,2.007
6/11/2008,1.931
6/10/2008,2.013
6/9/2008,1.899
6/6/2008,1.843
6/5/2008,1.859
6/4/2008,1.854
6/3/2008,1.854
6/2/2008,1.833
5/30/2008,1.905
5/29/2008,1.879
5/28/2008,1.9
5/27/2008,1.915
5/23/2008,1.858
5/22/2008,1.869
5/21/2008,1.869
5/20/2008,1.849
5/19/2008,1.858
5/16/2008,1.838
5/15/2008,1.843
5/14/2008,1.818
5/13/2008,1.957
5/12/2008,1.817
5/9/2008,1.689
5/8/2008,1.659
5/7/2008,1.685
5/6/2008,1.633
5/5/2008,1.582
5/2/2008,1.525
5/1/2008,1.408
4/30/2008,1.352
4/29/2008,1.485
4/28/2008,1.387
4/25/2008,1.367
4/24/2008,1.26
4/23/2008,1.219
4/22/2008,1.295
4/21/2008,1.321
4/18/2008,1.341
4/17/2008,1.285
4/16/2008,1.122
4/15/2008,1.168
4/14/2008,1.065
4/11/2008,1.203
4/10/2008,1.213
4/9/2008,1.3
4/8/2008,1.372
4/7/2008,1.392
4/4/2008,1.254
4/3/2008,1.306
4/2/2008,1.357
4/1/2008,1.336
3/31/2008,1.264
3/28/2008,1.29
3/27/2008,1.173
3/26/2008,1.203
3/25/2008,0.973
3/24/2008,0.514
3/20/2008,0.519
3/19/2008,0.55
3/18/2008,0.749
3/17/2008,0.626
3/14/2008,1.111
3/13/2008,1.29
3/12/2008,1.382
3/11/2008,1.331
3/10/2008,1.31
3/7/2008,1.27
3/6/2008,1.346
3/5/2008,1.49
3/4/2008,1.577
3/3/2008,1.612
2/29/2008,1.766
2/28/2008,1.808
2/27/2008,1.905
2/26/2008,2.055
2/25/2008,2.161
2/22/2008,2.161
2/21/2008,2.182
2/20/2008,2.198
2/19/2008,2.207
2/15/2008,2.177
2/14/2008,2.254
2/13/2008,2.224
2/12/2008,2.26
2/11/2008,2.181
2/8/2008,2.253
2/7/2008,2.049
2/6/2008,2.064
2/5/2008,2.157
2/4/2008,2.105
2/1/2008,1.905
1/31/2008,1.849
1/30/2008,2.069
1/29/2008,2.188
1/28/2008,2.243
1/25/2008,2.202
1/24/2008,2.177
1/23/2008,1.987
1/22/2008,2.258
1/18/2008,2.83
1/17/2008,2.98
1/16/2008,3.094
1/15/2008,3.135
1/14/2008,3.077
1/11/2008,3.072
1/10/2008,3.176
1/9/2008,3.177
1/8/2008,3.213
1/7/2008,3.191
1/4/2008,3.17
1/3/2008,3.202
1/2/2008,3.239
12/31/2007,3.128
12/28/2007,3.093
12/27/2007,3.089
12/26/2007,3.285
12/24/2007,2.953
12/21/2007,2.948
12/20/2007,2.759
12/19/2007,2.877
12/18/2007,3.012
12/17/2007,2.861
12/14/2007,2.856
12/13/2007,2.738
12/12/2007,2.805
12/11/2007,2.898
12/10/2007,2.984
12/7/2007,3.01
12/6/2007,2.934
12/5/2007,3.042
12/4/2007,3.007
12/3/2007,2.984
11/30/2007,2.959
11/29/2007,2.877
11/28/2007,3.016
11/27/2007,3.089
11/26/2007,3.093
11/23/2007,3.108
11/21/2007,2.99
11/20/2007,3.218
11/19/2007,3.351
11/16/2007,3.305
11/15/2007,3.249
11/14/2007,3.383
11/13/2007,3.17
11/9/2007,3.036
11/8/2007,3.295
11/7/2007,3.419
11/6/2007,3.71
11/5/2007,3.532
11/2/2007,3.501
11/1/2007,3.755
10/31/2007,3.828
10/30/2007,3.943
10/29/2007,3.93
10/26/2007,3.915
10/25/2007,3.838
10/24/2007,3.766
10/23/2007,3.958
10/22/2007,3.79
10/19/2007,3.806
10/18/2007,3.698
10/17/2007,3.942
10/16/2007,4.228
10/15/2007,4.179
10/12/2007,4.096
10/11/2007,4.035
10/10/2007,4.036
10/9/2007,3.96
10/5/2007,3.909
10/4/2007,3.931
10/3/2007,3.932
10/2/2007,3.912
10/1/2007,3.78
9/28/2007,3.672
9/27/2007,3.61
9/26/2007,3.683
9/25/2007,3.751
9/24/2007,3.754
9/21/2007,3.697
9/20/2007,3.678
9/19/2007,3.896
9/18/2007,3.994
9/17/2007,3.945
9/14/2007,3.956
9/13/2007,3.921
9/12/2007,3.984
9/11/2007,3.907
9/10/2007,3.883
9/7/2007,3.956
9/6/2007,4.274
9/5/2007,4.248
9/4/2007,4.199
8/31/2007,3.862
8/30/2007,3.59
8/29/2007,3.859
8/28/2007,4.171
8/27/2007,4.236
8/24/2007,3.927
8/23/2007,3.575
8/22/2007,3.559
8/21/2007,2.893
8/20/2007,2.464
8/17/2007,3.713
8/16/2007,3.367
8/15/2007,4.015
8/14/2007,4.571
8/13/2007,4.527
8/10/2007,4.532
8/9/2007,4.747
8/8/2007,4.919
8/7/2007,4.894
8/6/2007,4.807
8/3/2007,4.812
8/2/2007,4.872
8/1/2007,4.872
7/31/2007,4.92
7/30/2007,4.833
7/27/2007,4.833
7/26/2007,4.892
7/25/2007,4.971
7/24/2007,4.993
7/23/2007,4.957
7/20/2007,4.953
7/19/2007,4.945
7/18/2007,4.935
7/17/2007,4.925
7/16/2007,4.926
7/13/2007,4.948
7/12/2007,4.939
7/11/2007,4.93
7/10/2007,4.915
7/9/2007,4.9
7/6/2007,4.922
7/5/2007,4.929
7/3/2007,4.898
7/2/2007,4.791
6/29/2007,4.757
6/28/2007,4.757
6/27/2007,4.758
6/26/2007,4.8
6/25/2007,4.703
6/22/2007,4.682
6/21/2007,4.674
6/20/2007,4.669
6/19/2007,4.597
6/18/2007,4.5
6/15/2007,4.553
6/14/2007,4.632
6/13/2007,4.638
6/12/2007,4.701
6/11/2007,4.718
6/8/2007,4.76
6/7/2007,4.783
6/6/2007,4.779
6/5/2007,4.784
6/4/2007,4.755
6/1/2007,4.719
5/31/2007,4.71
5/30/2007,4.82
5/29/2007,4.808
5/25/2007,4.861
5/24/2007,4.876
5/23/2007,4.88
5/22/2007,4.867
5/21/2007,4.804
5/18/2007,4.768
5/17/2007,4.723
5/16/2007,4.724
5/15/2007,4.792
5/14/2007,4.809
5/11/2007,4.825
5/10/2007,4.832
5/9/2007,4.848
5/8/2007,4.875
5/7/2007,4.845
5/4/2007,4.856
5/3/2007,4.869
5/2/2007,4.87
5/1/2007,4.875
4/30/2007,4.835
4/27/2007,4.913
4/26/2007,4.926
4/25/2007,4.942
4/24/2007,4.948
4/23/2007,4.954
4/20/2007,4.955
4/19/2007,4.962
4/18/2007,4.968
4/17/2007,4.979
4/16/2007,4.985
4/13/2007,4.991
4/12/2007,5.004
4/11/2007,4.999
4/10/2007,4.974
4/9/2007,5.001
4/6/2007,5.012
4/5/2007,5.007
4/4/2007,5.025
4/3/2007,5.026
4/2/2007,5.016
3/30/2007,5.017
3/29/2007,5.03
3/28/2007,5.025
3/27/2007,5.01
3/26/2007,5.043
3/23/2007,5.028
3/22/2007,5.025
3/21/2007,5.03
3/20/2007,5.031
3/19/2007,5.006
3/16/2007,5.002
3/15/2007,5.019
3/14/2007,5.041
3/13/2007,5.047
3/12/2007,5.068
3/9/2007,5.064
3/8/2007,5.076
3/7/2007,5.082
3/6/2007,5.083
3/5/2007,5.074
3/2/2007,5.09
3/1/2007,5.097
2/28/2007,5.114
2/27/2007,5.109
2/26/2007,5.157
2/23/2007,5.168
2/22/2007,5.16
2/21/2007,5.16
2/20/2007,5.161
2/16/2007,5.146
2/15/2007,5.139
2/14/2007,5.14
2/13/2007,5.146
2/12/2007,5.141
2/9/2007,5.142
2/8/2007,5.144
2/7/2007,5.14
2/6/2007,5.135
2/5/2007,5.115
2/2/2007,5.111
2/1/2007,5.097
1/31/2007,5.103
1/30/2007,5.125
1/29/2007,5.11
1/26/2007,5.121
1/25/2007,5.123
1/24/2007,5.119
1/23/2007,5.114
1/22/2007,5.11
1/19/2007,5.111
1/18/2007,5.102
1/17/2007,5.098
1/16/2007,5.078
1/12/2007,5.079
1/11/2007,5.076
1/10/2007,5.067
1/9/2007,5.062
1/8/2007,5.043
1/5/2007,5.017
1/4/2007,5.024
1/3/2007,5.041
1/2/2007,4.99
12/29/2006,4.98
12/28/2006,4.967
12/27/2006,4.963
12/26/2006,4.959
12/22/2006,4.944
12/21/2006,4.947
12/20/2006,4.947
12/19/2006,4.938
12/18/2006,4.892
12/15/2006,4.877
12/14/2006,4.921
12/13/2006,4.921
12/12/2006,4.917
12/11/2006,4.928
12/8/2006,4.944
12/7/2006,4.962
12/6/2006,4.973
12/5/2006,4.974
12/4/2006,4.991
12/1/2006,5.002
11/30/2006,5.014
11/29/2006,5.02
11/28/2006,5.026
11/27/2006,5.016
11/24/2006,5.028
11/22/2006,5.045
11/21/2006,5.047
11/20/2006,5.048
11/17/2006,5.074
11/16/2006,5.076
11/15/2006,5.077
11/14/2006,5.073
11/13/2006,5.074
11/10/2006,5.09
11/9/2006,5.09
11/8/2006,5.093
11/7/2006,5.078
11/6/2006,5.084
11/3/2006,5.069
11/2/2006,5.056
11/1/2006,5.051
10/31/2006,5.068
10/30/2006,5.073
10/27/2006,5.09
10/26/2006,5.097
10/25/2006,5.114
10/24/2006,5.099
10/23/2006,5.074
10/20/2006,5.074
10/19/2006,5.071
10/18/2006,5.077
10/17/2006,5.057
10/16/2006,5.027
10/13/2006,5.038
10/12/2006,5.004
10/11/2006,4.984
10/10/2006,4.928
10/9/2006,5.002
10/6/2006,4.908
10/5/2006,4.9
10/4/2006,4.895
10/3/2006,4.86
10/2/2006,4.871
9/29/2006,4.851
9/28/2006,4.843
9/27/2006,4.864
9/26/2006,4.875
9/25/2006,4.907
9/22/2006,4.887
9/21/2006,4.905
9/20/2006,4.916
9/19/2006,4.932
9/18/2006,4.918
9/15/2006,4.913
9/14/2006,4.889
9/13/2006,4.885
9/12/2006,4.885
9/11/2006,4.924
9/8/2006,4.913
9/7/2006,4.947
9/6/2006,4.947
9/5/2006,4.964
9/1/2006,4.985
8/31/2006,5.03
8/30/2006,5.041
8/29/2006,5.062
8/28/2006,5.058
8/25/2006,5.075
8/24/2006,5.077
8/23/2006,5.088
8/22/2006,5.078
8/21/2006,5.068
8/18/2006,5.074
8/17/2006,5.05
8/16/2006,5.062
8/15/2006,5.082
8/14/2006,5.058
8/11/2006,5.038
8/10/2006,5.04
8/9/2006,5.062
8/8/2006,5.093
8/7/2006,5.068
8/4/2006,5.059
8/3/2006,5.092
8/2/2006,5.088
8/1/2006,5.074
7/31/2006,5.048
7/28/2006,5.054
7/27/2006,5.071
7/26/2006,5.098
7/25/2006,5.089
7/24/2006,5.058
7/21/2006,5.064
7/20/2006,5.076
7/19/2006,5.098
7/18/2006,5.074
7/17/2006,5.037
7/14/2006,5.038
7/13/2006,5.045
7/12/2006,5.046
7/11/2006,5.022
7/10/2006,4.991
7/7/2006,4.981
7/6/2006,4.988
7/5/2006,4.994
7/3/2006,4.974
6/30/2006,4.976
6/29/2006,4.983
6/28/2006,5.02
6/27/2006,5.01
6/26/2006,4.949
6/23/2006,4.887
6/22/2006,4.889
6/21/2006,4.911
6/20/2006,4.887
6/19/2006,4.84
6/16/2006,4.799
6/15/2006,4.812
6/14/2006,4.88
6/13/2006,4.882
6/12/2006,4.871
6/9/2006,4.846
6/8/2006,4.838
6/7/2006,4.838
6/6/2006,4.814
6/5/2006,4.793
6/2/2006,4.794
6/1/2006,4.817
5/31/2006,4.802
5/30/2006,4.798
5/26/2006,4.814
5/25/2006,4.806
5/24/2006,4.817
5/23/2006,4.799
5/22/2006,4.788
5/19/2006,4.81
5/18/2006,4.801
5/17/2006,4.817
5/16/2006,4.843
5/15/2006,4.799
5/12/2006,4.779
5/11/2006,4.806
5/10/2006,4.854
5/9/2006,4.854
5/8/2006,4.799
5/5/2006,4.779
5/4/2006,4.786
5/3/2006,4.797
5/2/2006,4.773
5/1/2006,4.752
4/28/2006,4.758
4/27/2006,4.77
4/26/2006,4.76
4/25/2006,4.745
4/24/2006,4.726
4/21/2006,4.706
4/20/2006,4.697
4/19/2006,4.703
4/18/2006,4.69
4/17/2006,4.679
4/13/2006,4.675
4/12/2006,4.677
4/11/2006,4.677
4/10/2006,4.669
4/7/2006,4.659
4/6/2006,4.656
4/5/2006,4.656
4/4/2006,4.651
4/3/2006,4.597
3/31/2006,4.592
3/30/2006,4.594
3/29/2006,4.599
3/28/2006,4.615
3/27/2006,4.602
3/24/2006,4.628
3/23/2006,4.656
3/22/2006,4.677
3/21/2006,4.651
3/20/2006,4.617
3/17/2006,4.597
3/16/2006,4.588
3/15/2006,4.579
3/14/2006,4.574
3/13/2006,4.586
3/10/2006,4.571
3/9/2006,4.557
3/8/2006,4.574
3/7/2006,4.589
3/6/2006,4.56
3/3/2006,4.592
3/2/2006,4.594
3/1/2006,4.594
2/28/2006,4.602
2/27/2006,4.586
2/24/2006,4.576
2/23/2006,4.557
2/22/2006,4.558
2/21/2006,4.534
2/17/2006,4.529
2/16/2006,4.531
2/15/2006,4.537
2/14/2006,4.542
2/13/2006,4.524
2/10/2006,4.499
2/9/2006,4.49
2/8/2006,4.485
2/7/2006,4.465
2/6/2006,4.446
2/3/2006,4.452
2/2/2006,4.454
2/1/2006,4.449
1/31/2006,4.454
1/30/2006,4.436
1/27/2006,4.421
1/26/2006,4.412
1/25/2006,4.397
1/24/2006,4.348
1/23/2006,4.333
1/20/2006,4.338
1/19/2006,4.329
1/18/2006,4.322
1/17/2006,4.316
1/13/2006,4.296
1/12/2006,4.288
1/11/2006,4.283
1/10/2006,4.214
1/9/2006,4.198
1/6/2006,4.188
1/5/2006,4.169
1/4/2006,4.115
1/3/2006,4.068
12/30/2005,3.997
12/29/2005,3.921
12/28/2005,3.937
12/27/2005,3.965
12/23/2005,3.981
12/22/2005,3.957
12/21/2005,3.968
12/20/2005,3.963
12/19/2005,3.914
12/16/2005,3.909
12/15/2005,3.854
12/14/2005,3.88
12/13/2005,3.895
12/12/2005,3.893
12/9/2005,3.919
12/8/2005,3.921
12/7/2005,4.009
12/6/2005,4.004
12/5/2005,3.976
12/2/2005,3.966
12/1/2005,3.936
11/30/2005,3.937
11/29/2005,3.924
11/28/2005,3.914
11/25/2005,3.935
11/23/2005,3.91
11/22/2005,3.89
11/21/2005,3.966
11/18/2005,3.997
11/17/2005,3.988
11/16/2005,3.994
11/15/2005,3.976
11/14/2005,3.95
11/11/2005,3.956
11/10/2005,3.945
11/9/2005,3.947
11/8/2005,3.914
11/7/2005,3.909
11/4/2005,3.925
11/3/2005,3.91
11/2/2005,3.916
11/1/2005,3.888
10/31/2005,3.867
10/28/2005,3.878
10/27/2005,3.874
10/26/2005,3.885
10/25/2005,3.847
10/24/2005,3.858
10/21/2005,3.854
10/20/2005,3.849
10/19/2005,3.823
10/18/2005,3.838
10/17/2005,3.769
10/14/2005,3.728
10/13/2005,3.699
10/12/2005,3.645
10/11/2005,3.604
10/10/2005,3.62
10/7/2005,3.537
10/6/2005,3.549
10/5/2005,3.544
10/4/2005,3.563
10/3/2005,3.527
9/30/2005,3.518
9/29/2005,3.441
9/28/2005,3.441
9/27/2005,3.472
9/26/2005,3.465
9/23/2005,3.45
9/22/2005,3.358
9/21/2005,3.364
9/20/2005,3.527
9/19/2005,3.481
9/16/2005,3.429
9/15/2005,3.379
9/14/2005,3.4
9/13/2005,3.462
9/12/2005,3.47
9/9/2005,3.45
9/8/2005,3.451
9/7/2005,3.441
9/6/2005,3.449
9/2/2005,3.408
9/1/2005,3.415
8/31/2005,3.503
8/30/2005,3.554
8/29/2005,3.532
8/26/2005,3.507
8/25/2005,3.487
8/24/2005,3.493
8/23/2005,3.506
8/22/2005,3.491
8/19/2005,3.465
8/18/2005,3.466
8/17/2005,3.503
8/16/2005,3.496
8/15/2005,3.481
8/12/2005,3.486
8/11/2005,3.389
8/10/2005,3.384
8/9/2005,3.501
8/8/2005,3.496
8/5/2005,3.455
8/4/2005,3.441
8/3/2005,3.441
8/2/2005,3.424
8/1/2005,3.393
7/29/2005,3.389
7/28/2005,3.358
7/27/2005,3.384
7/26/2005,3.398
7/25/2005,3.362
7/22/2005,3.337
7/21/2005,3.291
7/20/2005,3.292
7/19/2005,3.269
7/18/2005,3.239
7/15/2005,3.208
7/14/2005,3.204
7/13/2005,3.194
7/12/2005,3.161
7/11/2005,3.151
7/8/2005,3.136
7/7/2005,3.09
7/6/2005,3.161
7/5/2005,3.151
7/1/2005,3.11
6/30/2005,3.101
6/29/2005,3.116
6/28/2005,3.11
6/27/2005,3.069
6/24/2005,3.054
6/23/2005,3.013
6/22/2005,3.008
6/21/2005,2.986
6/20/2005,2.966
6/17/2005,2.946
6/16/2005,2.941
6/15/2005,2.983
6/14/2005,2.986
6/13/2005,2.986
6/10/2005,2.976
6/9/2005,2.977
6/8/2005,3.008
6/7/2005,2.998
6/6/2005,2.981
6/3/2005,2.961
6/2/2005,2.962
6/1/2005,2.94
5/31/2005,2.93
5/27/2005,2.92
5/26/2005,2.915
5/25/2005,2.926
5/24/2005,2.909
5/23/2005,2.879
5/20/2005,2.853
5/19/2005,2.849
5/18/2005,2.839
5/17/2005,2.786
5/16/2005,2.766
5/13/2005,2.797
5/12/2005,2.854
5/11/2005,2.844
5/10/2005,2.863
5/9/2005,2.843
5/6/2005,2.786
5/5/2005,2.772
5/4/2005,2.833
5/3/2005,2.884
5/2/2005,2.868
4/29/2005,2.869
4/28/2005,2.849
4/27/2005,2.864
4/26/2005,2.895
4/25/2005,2.879
4/22/2005,2.863
4/21/2005,2.838
4/20/2005,2.844
4/19/2005,2.895
4/18/2005,2.76
4/15/2005,2.75
4/14/2005,2.751
4/13/2005,2.751
4/12/2005,2.745
4/11/2005,2.745
4/8/2005,2.75
4/7/2005,2.746
4/6/2005,2.741
4/5/2005,2.777
4/4/2005,2.735
4/1/2005,2.766
3/31/2005,2.766
3/30/2005,2.813
3/29/2005,2.818
3/28/2005,2.812
3/24/2005,2.812
3/23/2005,2.813
3/22/2005,2.817
3/21/2005,2.786
3/18/2005,2.776
3/17/2005,2.766
3/16/2005,2.777
3/15/2005,2.777
3/14/2005,2.74
3/11/2005,2.735
3/10/2005,2.73
3/9/2005,2.741
3/8/2005,2.741
3/7/2005,2.724
3/4/2005,2.74
3/3/2005,2.725
3/2/2005,2.715
3/1/2005,2.741
2/28/2005,2.724
2/25/2005,2.673
2/24/2005,2.669
2/23/2005,2.622
2/22/2005,2.601
2/18/2005,2.57
2/17/2005,2.571
2/16/2005,2.571
2/15/2005,2.571
2/14/2005,2.519
2/11/2005,2.514
2/10/2005,2.51
2/9/2005,2.51
2/8/2005,2.515
2/7/2005,2.468
2/4/2005,2.468
2/3/2005,2.474
2/2/2005,2.494
2/1/2005,2.5
1/31/2005,2.447
1/28/2005,2.432
1/27/2005,2.407
1/26/2005,2.402
1/25/2005,2.35
1/24/2005,2.319
1/21/2005,2.34
1/20/2005,2.345
1/19/2005,2.366
1/18/2005,2.34
1/14/2005,2.34
1/13/2005,2.32
1/12/2005,2.32
1/11/2005,2.34
1/10/2005,2.309
1/7/2005,2.299
1/6/2005,2.299
1/5/2005,2.31
1/4/2005,2.315
1/3/2005,2.206
12/31/2004,2.207
12/30/2004,2.197
12/29/2004,2.212
12/28/2004,2.248
12/27/2004,2.181
12/23/2004,2.181
12/22/2004,2.182
12/21/2004,2.202
12/20/2004,2.186
12/17/2004,2.181
12/16/2004,2.181
12/15/2004,2.202
12/14/2004,2.212
12/13/2004,2.217
12/10/2004,2.227
12/9/2004,2.228
12/8/2004,2.238
12/7/2004,2.238
12/6/2004,2.206
12/3/2004,2.186
12/2/2004,2.207
12/1/2004,2.207
11/30/2004,2.212
11/29/2004,2.186
11/26/2004,2.166
11/24/2004,2.166
11/23/2004,2.166
11/22/2004,2.13
11/19/2004,2.12
11/18/2004,2.135
11/17/2004,2.11
11/16/2004,2.11
11/15/2004,2.068
11/12/2004,2.058
11/11/2004,2.145
11/10/2004,2.053
11/9/2004,2.069
11/8/2004,2.017
11/5/2004,1.966
11/4/2004,1.941
11/3/2004,1.941
11/2/2004,1.93
11/1/2004,1.889
10/29/2004,1.894
10/28/2004,1.895
10/27/2004,1.895
10/26/2004,1.869
10/25/2004,1.807
10/22/2004,1.828
10/21/2004,1.808
10/20/2004,1.798
10/19/2004,1.798
10/18/2004,1.736
10/15/2004,1.72
10/14/2004,1.711
10/13/2004,1.705
10/12/2004,1.669
10/11/2004,1.674
10/8/2004,1.674
10/7/2004,1.685
10/6/2004,1.69
10/5/2004,1.695
10/4/2004,1.674
10/1/2004,1.68
9/30/2004,1.695
9/29/2004,1.695
9/28/2004,1.711
9/27/2004,1.71
9/24/2004,1.71
9/23/2004,1.695
9/22/2004,1.69
9/21/2004,1.711
9/20/2004,1.69
9/17/2004,1.659
9/16/2004,1.659
9/15/2004,1.639
9/14/2004,1.644
9/13/2004,1.639
9/10/2004,1.634
9/9/2004,1.629
9/8/2004,1.639
9/7/2004,1.618
9/3/2004,1.567
9/2/2004,1.573
9/1/2004,1.567
8/31/2004,1.583
8/30/2004,1.547
8/27/2004,1.537
8/26/2004,1.532
8/25/2004,1.532
8/24/2004,1.511
8/23/2004,1.469
8/20/2004,1.469
8/19/2004,1.474
8/18/2004,1.469
8/17/2004,1.469
8/16/2004,1.428
8/13/2004,1.428
8/12/2004,1.347
8/11/2004,1.343
8/10/2004,1.449
8/9/2004,1.438
8/6/2004,1.408
8/5/2004,1.469
8/4/2004,1.476
8/3/2004,1.459
8/2/2004,1.423
7/30/2004,1.439
7/29/2004,1.341
7/28/2004,1.347
7/27/2004,1.388
7/26/2004,1.357
7/23/2004,1.336
7/22/2004,1.341
7/21/2004,1.326
7/20/2004,1.336
7/19/2004,1.331
7/16/2004,1.336
7/15/2004,1.183
7/14/2004,1.193
7/13/2004,1.321
7/12/2004,1.264
7/9/2004,1.259
7/8/2004,1.265
7/7/2004,1.045
7/6/2004,1.218
7/2/2004,1.218
7/1/2004,1.208
6/30/2004,1.28
6/29/2004,1.367
6/28/2004,1.3
6/25/2004,1.28
6/24/2004,1.249
6/23/2004,1.28
6/22/2004,1.27
6/21/2004,1.264
6/18/2004,1.265
6/17/2004,1.265
6/16/2004,1.295
6/15/2004,1.347
6/14/2004,1.285
6/10/2004,1.265
6/9/2004,1.244
6/8/2004,1.244
6/7/2004,1.196
6/4/2004,1.173
6/3/2004,1.162
6/2/2004,1.162
6/1/2004,1.072
5/28/2004,1.06
5/27/2004,1.06
5/26/2004,1.075
5/25/2004,1.065
5/24/2004,1.024
5/21/2004,1.024
5/20/2004,1.019
5/19/2004,1.029
5/18/2004,1.05
5/17/2004,0.983
5/14/2004,0.973
5/13/2004,0.989
5/12/2004,1.029
5/11/2004,1.06
5/10/2004,1.05
5/7/2004,0.989
5/6/2004,0.983
5/5/2004,0.978
5/4/2004,0.83
5/3/2004,0.968
4/30/2004,0.968
4/29/2004,0.958
4/28/2004,0.968
4/27/2004,0.978
4/26/2004,0.963
4/23/2004,0.958
4/22/2004,0.958
4/21/2004,0.984
4/20/2004,0.958
4/19/2004,0.937
4/16/2004,0.937
4/15/2004,0.943
4/14/2004,0.927
4/13/2004,0.922
4/12/2004,0.932
4/8/2004,0.932
4/7/2004,0.932
4/6/2004,0.938
4/5/2004,0.927
4/2/2004,0.943
4/1/2004,0.932
3/31/2004,0.943
3/30/2004,0.953
3/29/2004,0.932
3/26/2004,0.937
3/25/2004,0.932
3/24/2004,0.938
3/23/2004,0.943
3/22/2004,0.937
3/19/2004,0.932
3/18/2004,0.932
3/17/2004,0.932
3/16/2004,0.953
3/15/2004,0.948
3/12/2004,0.948
3/11/2004,0.948
3/10/2004,0.948
3/9/2004,0.948
3/8/2004,0.948
3/5/2004,0.948
3/4/2004,0.958
3/3/2004,0.958
3/2/2004,0.963
3/1/2004,0.948
2/27/2004,0.948
2/26/2004,0.95
2/25/2004,0.953
2/24/2004,0.948
2/23/2004,0.937
2/20/2004,0.932
2/19/2004,0.927
2/18/2004,0.927
2/17/2004,0.917
2/13/2004,0.917
2/12/2004,0.917
2/11/2004,0.922
2/10/2004,0.917
2/9/2004,0.927
2/6/2004,0.927
2/5/2004,0.927
2/4/2004,0.922
2/3/2004,0.932
2/2/2004,0.907
1/30/2004,0.917
1/29/2004,0.932
1/28/2004,0.907
1/27/2004,0.917
1/26/2004,0.879
1/23/2004,0.871
1/22/2004,0.871
1/21/2004,0.881
1/20/2004,0.866
1/16/2004,0.871
1/15/2004,0.866
1/14/2004,0.876
1/13/2004,0.871
1/12/2004,0.861
1/9/2004,0.861
1/8/2004,0.866
1/7/2004,0.897
1/6/2004,0.922
1/5/2004,0.917
1/2/2004,0.917
12/31/2003,0.9273
12/30/2003,0.8865
12/29/2003,0.8865
12/26/2003,0.8711
12/25/2003,0.8967
12/24/2003,0.8967
12/23/2003,0.9018
12/22/2003,0.8967
12/19/2003,0.8813
12/18/2003,0.8864
12/17/2003,0.8916
12/16/2003,0.9069
12/15/2003,0.9069
12/12/2003,0.9068
12/11/2003,0.9018
12/10/2003,0.912
12/9/2003,0.9426
12/8/2003,0.9324
12/5/2003,0.9119
12/4/2003,0.9222
12/3/2003,0.9375
12/2/2003,0.9529
12/1/2003,0.9478
11/28/2003,0.9374
11/27/2003,0.9375
11/26/2003,0.9375
11/25/2003,0.9631
11/24/2003,0.958
11/21/2003,0.9374
11/20/2003,0.9426
11/19/2003,0.9579
11/18/2003,0.9477
11/17/2003,0.9376
11/14/2003,0.9578
11/13/2003,0.9528
11/12/2003,0.9631
11/11/2003,0.958
11/10/2003,0.958
11/7/2003,0.963
11/6/2003,0.9528
11/5/2003,0.9528
11/4/2003,0.9529
11/3/2003,0.9323
10/31/2003,0.9527
10/30/2003,0.9528
10/29/2003,0.9579
10/28/2003,0.9835
10/27/2003,0.9682
10/24/2003,0.9527
10/23/2003,0.9528
10/22/2003,0.9528
10/21/2003,0.9426
10/20/2003,0.9478
10/17/2003,0.9323
10/16/2003,0.9222
10/15/2003,0.9324
10/14/2003,0.9375
10/13/2003,0.9068
10/10/2003,0.9068
10/9/2003,0.9018
10/8/2003,0.9069
10/7/2003,0.9273
10/6/2003,0.9171
10/3/2003,0.9323
10/2/2003,0.9273
10/1/2003,0.9477
9/30/2003,0.9478
9/29/2003,0.9529
9/26/2003,0.9477
9/25/2003,0.9375
9/24/2003,0.9375
9/23/2003,0.9478
9/22/2003,0.958
9/19/2003,0.9578
9/18/2003,0.9528
9/17/2003,0.9579
9/16/2003,0.9682
9/15/2003,0.9529
9/12/2003,0.9527
9/11/2003,0.9528
9/10/2003,0.9682
9/9/2003,0.9682
9/8/2003,0.9682
9/5/2003,0.9476
9/4/2003,0.963
9/3/2003,0.9835
9/2/2003,1.0039
9/1/2003,0.9732
8/29/2003,0.9783
8/28/2003,0.9835
8/27/2003,1.0039
8/26/2003,1.004
8/25/2003,0.9987
8/22/2003,0.9783
8/21/2003,0.9681
8/20/2003,0.9579
8/19/2003,0.9682
8/18/2003,0.9682
8/15/2003,0.9476
8/14/2003,0.9579
8/13/2003,0.9579
8/12/2003,0.958
8/11/2003,0.9631
8/8/2003,0.9681
8/7/2003,0.9477
8/6/2003,0.9477
8/5/2003,0.9682
8/4/2003,0.9733
8/1/2003,0.9425
7/31/2003,0.9375
7/30/2003,0.9733
7/29/2003,0.9886
7/28/2003,0.9682
7/25/2003,0.9272
7/24/2003,0.9171
7/23/2003,0.9222
7/22/2003,0.9273
7/21/2003,0.9222
7/18/2003,0.8966
7/17/2003,0.9018
7/16/2003,0.912
7/15/2003,0.9171
7/14/2003,0.9069
7/11/2003,0.8915
7/10/2003,0.8915
7/9/2003,0.9324
7/8/2003,0.9069
7/7/2003,0.8812
7/4/2003,0.866
7/3/2003,0.866
7/2/2003,0.866
7/1/2003,0.8967
6/30/2003,0.9171
6/27/2003,0.8711
6/26/2003,0.8915
6/25/2003,0.9222
6/24/2003,0.8303
6/23/2003,0.8508
6/20/2003,0.8302
6/19/2003,0.8201
6/18/2003,0.8864
6/17/2003,0.8609
6/16/2003,0.8712
6/13/2003,0.8557
6/12/2003,0.912
6/11/2003,0.9426
6/10/2003,0.9784
6/9/2003,1.0397
6/6/2003,1.055
6/5/2003,1.0499
6/4/2003,1.055
6/3/2003,1.101
6/2/2003,1.1369
5/30/2003,1.1111
5/29/2003,1.1061
5/28/2003,1.1214
5/27/2003,1.0957
5/26/2003,1.0804
5/23/2003,1.0804
5/22/2003,1.0805
5/21/2003,1.0908
5/20/2003,1.0397
5/19/2003,1.0702
5/16/2003,1.0345
5/15/2003,1.0601
5/14/2003,1.0652
5/13/2003,1.0857
5/12/2003,1.096
5/9/2003,1.106
5/8/2003,1.101
5/7/2003,1.1163
5/6/2003,1.1419
5/5/2003,1.1215
5/2/2003,1.1264
5/1/2003,1.1061
4/30/2003,1.1266
4/29/2003,1.1522
4/28/2003,1.1471
4/25/2003,1.1469
4/24/2003,1.1521
4/23/2003,1.1624
4/22/2003,1.1828
4/21/2003,1.1829
4/18/2003,1.1828
4/17/2003,1.1828
4/16/2003,1.1726
4/15/2003,1.1828
4/14/2003,1.188
4/11/2003,1.1775
4/10/2003,1.147
4/9/2003,1.1317
4/8/2003,1.1624
4/7/2003,1.1622
4/4/2003,1.1009
4/3/2003,1.101
4/2/2003,1.1266
4/1/2003,1.1266
3/31/2003,1.1266
3/28/2003,1.1673
3/27/2003,1.1828
3/26/2003,1.1828
3/25/2003,1.1726
3/24/2003,1.1829
3/21/2003,1.1826
3/20/2003,1.1623
3/19/2003,1.1624
3/18/2003,1.1624
3/17/2003,1.1369
3/14/2003,1.1367
3/13/2003,1.0907
3/12/2003,1.0806
3/11/2003,1.0602
3/10/2003,1.0755
3/7/2003,1.1775
3/6/2003,1.1776
3/5/2003,1.1879
3/4/2003,1.1931
3/3/2003,1.2084
2/28/2003,1.2031
2/27/2003,1.2083
2/26/2003,1.1981
2/25/2003,1.1931
2/24/2003,1.2033
2/21/2003,1.2031
2/20/2003,1.193
2/19/2003,1.1879
2/18/2003,1.1828
2/17/2003,1.1878
2/14/2003,1.1878
2/13/2003,1.1776
2/12/2003,1.1828
2/11/2003,1.1828
2/10/2003,1.1778
2/7/2003,1.1724
2/6/2003,1.1725
2/5/2003,1.1726
2/4/2003,1.1828
2/3/2003,1.1775
1/31/2003,1.1775
1/30/2003,1.1776
1/29/2003,1.1726
1/28/2003,1.1726
1/27/2003,1.1726
1/24/2003,1.1521
1/23/2003,1.1776
1/22/2003,1.1981
1/21/2003,1.1724
1/20/2003,1.1366
1/17/2003,1.193
1/16/2003,1.193
1/15/2003,1.1981
1/14/2003,1.1982
1/13/2003,1.2031
1/10/2003,1.2031
1/9/2003,1.2032
1/8/2003,1.2186
1/7/2003,1.2135
1/6/2003,1.2184
1/3/2003,1.2237
1/2/2003,1.2083
1/1/2003,1.2186
12/31/2002,1.2186
12/30/2002,1.2187
12/27/2002,1.1724
12/26/2002,1.1879
12/25/2002,1.1879
12/24/2002,1.188
12/23/2002,1.1931
12/20/2002,1.2002
12/19/2002,1.1981
12/18/2002,1.2186
12/17/2002,1.2289
12/16/2002,1.2235
12/13/2002,1.2133
12/12/2002,1.2134
12/11/2002,1.2442
12/10/2002,1.234
12/9/2002,1.2289
12/6/2002,1.2338
12/5/2002,1.2237
12/4/2002,1.2442
12/3/2002,1.2391
12/2/2002,1.2391
11/29/2002,1.2544
11/28/2002,1.2493
11/27/2002,1.2493
11/26/2002,1.2289
11/25/2002,1.2391
11/22/2002,1.2235
11/21/2002,1.2237
11/20/2002,1.2186
11/19/2002,1.2237
11/18/2002,1.2391
11/15/2002,1.2338
11/14/2002,1.2237
11/13/2002,1.2135
11/12/2002,1.2289
11/11/2002,1.2338
11/8/2002,1.2288
11/7/2002,1.2288
11/6/2002,1.2237
11/5/2002,1.4387
11/4/2002,1.4387
11/1/2002,1.4334
10/31/2002,1.5154
10/30/2002,1.5206
10/29/2002,1.5924
10/28/2002,1.6022
10/25/2002,1.6484
10/24/2002,1.664
10/23/2002,1.6845
10/22/2002,1.7
10/21/2002,1.7052
10/18/2002,1.674
10/17/2002,1.6896
10/16/2002,1.6589
10/15/2002,1.6641
10/14/2002,1.5871
10/11/2002,1.5871
10/10/2002,1.582
10/9/2002,1.5564
10/8/2002,1.6128
10/7/2002,1.6232
10/4/2002,1.6176
10/3/2002,1.5717
10/2/2002,1.5718
10/1/2002,1.5924
9/30/2002,1.5514
9/27/2002,1.6381
9/26/2002,1.664
9/25/2002,1.664
9/24/2002,1.6487
9/23/2002,1.6488
9/20/2002,1.6535
9/19/2002,1.6486
9/18/2002,1.6845
9/17/2002,1.7
9/16/2002,1.7103
9/13/2002,1.6996
9/12/2002,1.6947
9/11/2002,1.6999
9/10/2002,1.6949
9/9/2002,1.6949
9/6/2002,1.6586
9/5/2002,1.6178
9/4/2002,1.6333
9/3/2002,1.6538
9/2/2002,1.6842
8/30/2002,1.6894
8/29/2002,1.6845
8/28/2002,1.6795
8/27/2002,1.6898
8/26/2002,1.6745
8/23/2002,1.6586
8/22/2002,1.664
8/21/2002,1.6333
8/20/2002,1.6334
8/19/2002,1.6693
8/16/2002,1.6227
8/15/2002,1.623
8/14/2002,1.6538
8/13/2002,1.618
8/12/2002,1.6744
8/9/2002,1.6227
8/8/2002,1.623
8/7/2002,1.5974
8/6/2002,1.6538
8/5/2002,1.6437
8/2/2002,1.6279
8/1/2002,1.6896
7/31/2002,1.705
7/30/2002,1.7307
7/29/2002,1.7308
7/26/2002,1.6945
7/25/2002,1.6998
7/24/2002,1.6897
7/23/2002,1.7154
7/22/2002,1.7155
7/19/2002,1.715
7/18/2002,1.7255
7/17/2002,1.7255
7/16/2002,1.741
7/15/2002,1.7206
7/12/2002,1.7201
7/11/2002,1.7255
7/10/2002,1.7153
7/9/2002,1.7461
7/8/2002,1.7411
7/5/2002,1.7303
7/4/2002,1.7255
7/3/2002,1.7255
7/2/2002,1.7307
7/1/2002,1.7257
6/28/2002,1.6996
6/27/2002,1.6998
6/26/2002,1.7153
6/25/2002,1.741
6/24/2002,1.7411
6/21/2002,1.7303
6/20/2002,1.7306
6/19/2002,1.7153
6/18/2002,1.741
6/17/2002,1.7354
6/14/2002,1.7201
6/13/2002,1.7306
6/12/2002,1.7409
6/11/2002,1.7564
6/10/2002,1.7667
6/7/2002,1.7457
6/6/2002,1.7357
6/5/2002,1.7512
6/4/2002,1.7666
6/3/2002,1.7456
5/31/2002,1.746
5/30/2002,1.7665
5/29/2002,1.7614
5/28/2002,1.782
5/27/2002,1.7354
5/24/2002,1.7508
5/23/2002,1.7511
5/22/2002,1.7409
5/21/2002,1.7564
5/20/2002,1.7667
5/17/2002,1.7611
5/16/2002,1.7614
5/15/2002,1.7768
5/14/2002,1.7974
5/13/2002,1.7873
5/10/2002,1.7662
5/9/2002,1.7665
5/8/2002,1.7717
5/7/2002,1.7616
5/6/2002,1.7821
5/3/2002,1.7713
5/2/2002,1.7767
5/1/2002,1.7819
4/30/2002,1.782
4/29/2002,1.7873
4/26/2002,1.7508
4/25/2002,1.746
4/24/2002,1.7204
4/23/2002,1.7461
4/22/2002,1.7308
4/19/2002,1.7406
4/18/2002,1.7357
4/17/2002,1.7307
4/16/2002,1.7461
4/15/2002,1.7308
4/12/2002,1.7203
4/11/2002,1.7152
4/10/2002,1.7204
4/9/2002,1.7307
4/8/2002,1.7611
4/5/2002,1.7663
4/4/2002,1.7871
4/3/2002,1.7974
4/2/2002,1.6847
4/1/2002,1.8233
3/29/2002,1.8075
3/28/2002,1.8075
3/27/2002,1.8384
3/26/2002,1.8487
3/25/2002,1.8539
3/22/2002,1.8483
3/21/2002,1.8383
3/20/2002,1.8384
3/19/2002,1.859
3/18/2002,1.8796
3/15/2002,1.8636
3/14/2002,1.8588
3/13/2002,1.8332
3/12/2002,1.8487
3/11/2002,1.8591
3/8/2002,1.8072
3/7/2002,1.7921
3/6/2002,1.7769
3/5/2002,1.803
3/4/2002,1.803
3/1/2002,1.7816
2/28/2002,1.7562
2/27/2002,1.7768
2/26/2002,1.7769
2/25/2002,1.7456
2/22/2002,1.756
2/21/2002,1.7614
2/20/2002,1.7614
2/19/2002,1.767
2/18/2002,1.7355
2/15/2002,1.746
2/14/2002,1.7562
2/13/2002,1.7563
2/12/2002,1.756
2/11/2002,1.7457
2/8/2002,1.7255
2/7/2002,1.72
2/6/2002,1.746
2/5/2002,1.767
2/4/2002,1.761
2/1/2002,1.7665
1/31/2002,1.7767
1/30/2002,1.7512
1/29/2002,1.731
1/28/2002,1.756
1/25/2002,1.7201
1/24/2002,1.7153
1/23/2002,1.7153
1/22/2002,1.7
1/21/2002,1.6329
1/18/2002,1.6281
1/17/2002,1.6128
1/16/2002,1.5974
1/15/2002,1.608
1/14/2002,1.582
1/11/2002,1.6076
1/10/2002,1.684
1/9/2002,1.6744
1/8/2002,1.7256
1/7/2002,1.6893
1/4/2002,1.7201
1/3/2002,1.7357
1/2/2002,1.715
1/1/2002,1.7355
12/31/2001,1.7355
12/28/2001,1.715
12/27/2001,1.746
12/26/2001,1.746
12/25/2001,1.7252
12/24/2001,1.7252
12/21/2001,1.7203
12/20/2001,1.6998
12/19/2001,1.6948
12/18/2001,1.7205
12/17/2001,1.756
12/14/2001,1.7457
12/13/2001,1.7
12/12/2001,1.6897
12/11/2001,1.664
12/10/2001,1.71
12/7/2001,1.705
12/6/2001,1.7562
12/5/2001,1.7666
12/4/2001,1.746
12/3/2001,1.787
11/30/2001,1.7819
11/29/2001,1.7972
11/28/2001,1.869
11/27/2001,1.9206
11/26/2001,1.9815
11/23/2001,1.9919
11/22/2001,1.951
11/21/2001,1.951
11/20/2001,1.951
11/19/2001,1.94
11/16/2001,1.9611
11/15/2001,1.884
11/14/2001,1.982
11/13/2001,1.8481
11/12/2001,1.8277
11/9/2001,1.8277
11/8/2001,1.8383
11/7/2001,1.797
11/6/2001,1.849
11/5/2001,2.0226
11/2/2001,2.0172
11/1/2001,2.0482
10/31/2001,2.0381
10/30/2001,2.0432
10/29/2001,2.1098
10/26/2001,2.1605
10/25/2001,2.1507
10/24/2001,2.1815
10/23/2001,2.2071
10/22/2001,2.2225
10/19/2001,2.2015
10/18/2001,2.2019
10/17/2001,2.2225
10/16/2001,2.2277
10/15/2001,2.243
10/12/2001,2.2835
10/11/2001,2.2634
10/10/2001,2.2277
10/9/2001,2.2379
10/8/2001,2.2217
10/5/2001,2.2218
10/4/2001,2.2121
10/3/2001,2.2174
10/2/2001,2.2635
10/1/2001,2.3456
9/28/2001,2.3706
9/27/2001,2.3659
9/26/2001,2.3764
9/25/2001,2.3969
9/24/2001,2.3866
9/21/2001,2.2527
9/20/2001,2.2121
9/19/2001,2.3456
9/18/2001,2.5303
9/17/2001,2.683
9/14/2001,2.632
9/13/2001,2.766
9/11/2001,3.243
9/10/2001,3.2681
9/7/2001,3.2684
9/6/2001,3.347
9/5/2001,3.4246
9/4/2001,3.4433
8/31/2001,3.3777
8/30/2001,3.3829
8/29/2001,3.4197
8/28/2001,3.4249
8/27/2001,3.4543
8/24/2001,3.4297
8/23/2001,3.4352
8/22/2001,3.3942
8/21/2001,3.3945
8/20/2001,3.4359
8/17/2001,3.3777
8/16/2001,3.4036
8/15/2001,3.4352
8/14/2001,3.435
8/13/2001,3.4488
8/10/2001,3.4543
8/9/2001,3.497
8/8/2001,3.487
8/7/2001,3.5284
8/6/2001,3.537
8/3/2001,3.5328
8/2/2001,3.543
8/1/2001,3.5332
7/31/2001,3.5494
7/30/2001,3.5728
7/27/2001,3.5535
7/26/2001,3.5691
7/25/2001,3.5542
7/24/2001,3.5597
7/23/2001,3.5525
7/20/2001,3.5484
7/19/2001,3.5487
7/18/2001,3.5439
7/17/2001,3.6219
7/16/2001,3.6426
7/13/2001,3.6311
7/12/2001,3.6004
7/11/2001,3.5901
7/10/2001,3.6008
7/9/2001,3.6456
7/6/2001,3.6311
7/5/2001,3.6518
7/4/2001,3.6788
7/3/2001,3.6788
7/2/2001,3.6663
6/29/2001,3.6725
6/28/2001,3.6419
6/27/2001,3.5338
6/26/2001,3.4513
6/25/2001,3.4462
6/22/2001,3.4552
6/21/2001,3.5077
6/20/2001,3.4926
6/19/2001,3.5029
6/18/2001,3.4771
6/15/2001,3.5222
6/14/2001,3.549
6/13/2001,3.5442
6/12/2001,3.5648
6/11/2001,3.5906
6/8/2001,3.6459
6/7/2001,3.6264
6/6/2001,3.6216
6/5/2001,3.6629
6/4/2001,3.6835
6/1/2001,3.6511
5/31/2001,3.6419
5/30/2001,3.6887
5/29/2001,3.6835
5/28/2001,3.6916
5/25/2001,3.692
5/24/2001,3.6419
5/23/2001,3.6474
5/22/2001,3.6371
5/21/2001,3.6319
5/18/2001,3.6098
5/17/2001,3.5593
5/16/2001,3.5803
5/15/2001,3.6422
5/14/2001,3.692
5/11/2001,3.7336
5/10/2001,3.7451
5/9/2001,3.7352
5/8/2001,3.6938
5/7/2001,3.7042
5/4/2001,3.7439
5/3/2001,3.8329
5/2/2001,3.8901
5/1/2001,3.9005
4/30/2001,3.8798
4/27/2001,3.842
4/26/2001,3.8226
4/25/2001,3.8178
4/24/2001,3.7971
4/23/2001,3.7145
4/20/2001,3.7646
4/19/2001,3.9001
4/18/2001,4.1849
4/17/2001,4.128
4/16/2001,4.1384
4/13/2001,4.0223
4/12/2001,4.0228
4/11/2001,4.0659
4/10/2001,3.9315
4/9/2001,3.9522
4/6/2001,3.9711
4/5/2001,4.0913
4/4/2001,4.0866
4/3/2001,4.1591
4/2/2001,4.2626
3/30/2001,4.2917
3/29/2001,4.3449
3/28/2001,4.3455
3/27/2001,4.3403
3/26/2001,4.2419
3/23/2001,4.2813
3/22/2001,4.2621
3/21/2001,4.4802
3/20/2001,4.4802
3/19/2001,4.5735
3/16/2001,4.535
3/15/2001,4.5211
3/14/2001,4.532
3/13/2001,4.6409
3/12/2001,4.3869
3/9/2001,4.7267
3/8/2001,4.6772
3/7/2001,4.6772
3/6/2001,4.7188
3/5/2001,4.833
3/2/2001,4.8408
3/1/2001,4.8531
2/28/2001,4.8693
2/27/2001,4.7914
2/26/2001,4.8226
2/23/2001,4.8978
2/22/2001,4.9985
2/21/2001,5.0096
2/20/2001,5.0304
2/19/2001,4.9536
2/16/2001,4.9542
2/15/2001,5.0868
2/14/2001,5.0615
2/13/2001,5.046
2/12/2001,5.0719
2/9/2001,5.0587
2/8/2001,5.0764
2/7/2001,5.0771
2/6/2001,5.0771
2/5/2001,5.0512
2/2/2001,5.0587
2/1/2001,4.9985
1/31/2001,4.9784
1/30/2001,5.0096
1/29/2001,5.1447
1/26/2001,5.1678
1/25/2001,5.2636
1/24/2001,5.28
1/23/2001,5.2332
1/22/2001,5.2228
1/19/2001,5.225
1/18/2001,5.274
1/17/2001,5.3581
1/16/2001,5.3737
1/15/2001,5.3482
1/12/2001,5.3489
1/11/2001,5.2844
1/10/2001,5.3112
1/9/2001,5.2436
1/8/2001,5.1827
1/5/2001,5.1211
1/4/2001,5.3833
1/3/2001,5.655
1/2/2001,5.5925
1/1/2001,5.8684
12/29/2000,5.869
12/28/2000,5.967
12/27/2000,5.759
12/26/2000,5.796
12/22/2000,5.235
12/21/2000,5.435
12/20/2000,5.749
12/19/2000,5.917
12/18/2000,5.937
12/15/2000,6.006
12/14/2000,6.03
12/13/2000,6.041
12/12/2000,6.063
12/11/2000,6.068
12/8/2000,6.074
12/7/2000,6.092
12/6/2000,6.083
12/5/2000,6.084
12/4/2000,6.156
12/1/2000,6.209
11/30/2000,6.207
11/29/2000,6.219
11/28/2000,6.272
11/27/2000,6.318
11/24/2000,6.35
11/22/2000,6.343
11/21/2000,6.325
11/20/2000,6.318
11/17/2000,6.335
11/16/2000,6.333
11/15/2000,6.355
11/14/2000,6.293
11/13/2000,6.36
11/10/2000,6.308
11/9/2000,6.377
11/8/2000,6.386
11/7/2000,6.39
11/6/2000,6.37
11/3/2000,6.377
11/2/2000,6.354
11/1/2000,6.355
10/31/2000,6.351
10/30/2000,6.328
10/27/2000,6.319
10/26/2000,6.354
10/25/2000,6.344
10/24/2000,6.345
10/23/2000,6.334
10/20/2000,6.298
10/19/2000,6.317
10/18/2000,6.203
10/17/2000,6.204
10/16/2000,6.214
10/13/2000,6.142
10/12/2000,6.166
10/11/2000,5.905
10/10/2000,6.207
10/9/2000,6.228
10/6/2000,6.224
10/5/2000,6.228
10/4/2000,5.9
10/3/2000,6.23
10/2/2000,6.193
9/29/2000,6.209
9/28/2000,6.218
9/27/2000,6.172
9/26/2000,6.144
9/25/2000,6.146
9/22/2000,6.157
9/21/2000,6.145
9/20/2000,6.12
9/19/2000,6.121
9/18/2000,6.13
9/15/2000,6.136
9/14/2000,6.134
9/13/2000,6.073
9/12/2000,6.084
9/11/2000,6.104
9/8/2000,6.142
9/7/2000,6.186
9/6/2000,6.203
9/5/2000,6.233
9/1/2000,6.263
8/31/2000,6.307
8/30/2000,6.323
8/29/2000,6.306
8/28/2000,6.298
8/25/2000,6.289
8/24/2000,6.282
8/23/2000,6.283
8/22/2000,6.263
8/21/2000,6.255
8/18/2000,6.256
8/17/2000,6.254
8/16/2000,6.255
8/15/2000,6.251
8/14/2000,6.268
8/11/2000,6.236
8/10/2000,6.239
8/9/2000,6.219
8/8/2000,6.102
8/7/2000,6.234
8/4/2000,6.209
8/3/2000,6.218
8/2/2000,6.24
8/1/2000,6.136
7/31/2000,6.203
7/28/2000,6.183
7/27/2000,6.197
7/26/2000,6.177
7/25/2000,6.134
7/24/2000,6.141
7/21/2000,6.1
7/20/2000,6.181
7/19/2000,6.146
7/18/2000,6.131
7/17/2000,6.146
7/14/2000,6.162
7/13/2000,6.166
7/12/2000,6.164
7/11/2000,5.917
7/10/2000,6.041
7/7/2000,6.016
7/6/2000,5.998
7/5/2000,5.984
7/3/2000,5.858
6/30/2000,5.86
6/29/2000,5.831
6/28/2000,5.798
6/27/2000,5.828
6/26/2000,5.799
6/23/2000,5.839
6/22/2000,5.779
6/21/2000,5.78
6/20/2000,5.784
6/19/2000,5.776
6/16/2000,5.808
6/15/2000,5.821
6/14/2000,5.801
6/13/2000,5.742
6/12/2000,5.838
6/9/2000,5.902
6/8/2000,5.894
6/7/2000,5.895
6/6/2000,5.969
6/5/2000,5.869
6/2/2000,5.808
6/1/2000,5.696
5/31/2000,5.613
5/30/2000,5.725
5/26/2000,5.786
5/25/2000,5.842
5/24/2000,5.89
5/23/2000,5.927
5/22/2000,5.828
5/19/2000,5.839
5/18/2000,5.878
5/17/2000,6.041
5/16/2000,6.147
5/15/2000,6.078
5/12/2000,6.115
5/11/2000,6.017
5/10/2000,6.083
5/9/2000,6.115
5/8/2000,5.984
5/5/2000,5.943
5/4/2000,5.899
5/3/2000,5.843
5/2/2000,5.883
5/1/2000,5.796
4/28/2000,5.813
4/27/2000,5.727
4/26/2000,5.738
4/25/2000,5.781
4/24/2000,5.744
4/20/2000,5.779
4/19/2000,5.796
4/18/2000,5.781
4/17/2000,5.755
4/14/2000,5.764
4/13/2000,5.758
4/12/2000,5.827
4/11/2000,5.823
4/10/2000,5.841
4/7/2000,5.87
4/6/2000,5.873
4/5/2000,5.853
4/4/2000,5.802
4/3/2000,5.815
3/31/2000,5.86
3/30/2000,5.868
3/29/2000,5.885
3/28/2000,5.875
3/27/2000,5.838
3/24/2000,5.881
3/23/2000,5.852
3/22/2000,5.885
3/21/2000,5.891
3/20/2000,5.88
3/17/2000,5.865
3/16/2000,5.842
3/15/2000,5.832
3/14/2000,5.857
3/13/2000,5.856
3/10/2000,5.787
3/9/2000,5.811
3/8/2000,5.812
3/7/2000,5.812
3/6/2000,5.802
3/3/2000,5.787
3/2/2000,5.738
3/1/2000,5.749
2/29/2000,5.792
2/28/2000,5.802
2/25/2000,5.782
2/24/2000,5.806
2/23/2000,5.807
2/22/2000,5.767
2/18/2000,5.729
2/17/2000,5.732
2/16/2000,5.712
2/15/2000,5.63
2/14/2000,5.593
2/11/2000,5.633
2/10/2000,5.654
2/9/2000,5.629
2/8/2000,5.682
2/7/2000,5.614
2/4/2000,5.625
2/3/2000,5.612
2/2/2000,5.597
2/1/2000,5.692
1/31/2000,5.692
1/28/2000,5.625
1/27/2000,5.565
1/26/2000,5.561
1/25/2000,5.567
1/24/2000,5.447
1/21/2000,5.427
1/20/2000,5.429
1/19/2000,5.482
1/18/2000,5.373
1/14/2000,5.4
1/13/2000,5.377
1/12/2000,5.42
1/11/2000,5.421
1/10/2000,5.384
1/7/2000,5.375
1/6/2000,5.393
1/5/2000,5.43
1/4/2000,5.379
1/3/2000,5.405
12/31/1999,5.207
12/30/1999,5.187
12/29/1999,5.211
12/28/1999,5.389
12/27/1999,5.447
12/23/1999,5.456
12/22/1999,5.509
12/21/1999,5.575
12/20/1999,5.52
12/17/1999,5.437
12/16/1999,5.367
12/15/1999,5.336
12/14/1999,5.345
12/13/1999,5.291
12/10/1999,5.208
12/9/1999,5.252
12/8/1999,5.211
12/7/1999,5.191
12/6/1999,5.218
12/3/1999,5.239
12/2/1999,5.242
12/1/1999,5.258
11/30/1999,5.285
11/29/1999,5.312
11/26/1999,5.281
11/24/1999,5.283
11/23/1999,5.222
11/22/1999,5.218
11/19/1999,5.218
11/18/1999,5.21
11/17/1999,5.201
11/16/1999,5.269
11/15/1999,5.249
11/12/1999,5.208
11/11/1999,5.198
11/10/1999,5.189
11/9/1999,5.128
11/8/1999,5.176
11/5/1999,5.093
11/4/1999,5.054
11/3/1999,5.055
11/2/1999,5.118
11/1/1999,5.041
10/29/1999,5.093
10/28/1999,5.096
10/27/1999,5.128
10/26/1999,5.136
10/25/1999,5.02
10/22/1999,5.062
10/21/1999,5.122
10/20/1999,5.133
10/19/1999,5.047
10/18/1999,5.062
10/15/1999,5.021
10/14/1999,5.007
10/13/1999,4.971
10/12/1999,4.848
10/11/1999,4.801
10/8/1999,4.801
10/7/1999,4.804
10/6/1999,4.805
10/5/1999,4.836
10/4/1999,4.77
10/1/1999,4.812
9/30/1999,4.794
9/29/1999,4.805
9/28/1999,4.857
9/27/1999,4.801
9/24/1999,4.781
9/23/1999,4.809
9/22/1999,4.805
9/21/1999,4.774
9/20/1999,4.656
9/17/1999,4.651
9/16/1999,4.69
9/15/1999,4.732
9/14/1999,4.816
9/13/1999,4.739
9/10/1999,4.74
9/9/1999,4.804
9/8/1999,4.815
9/7/1999,4.816
9/3/1999,4.895
9/2/1999,4.908
9/1/1999,4.94
8/31/1999,4.972
8/30/1999,4.969
8/27/1999,4.969
8/26/1999,4.919
8/25/1999,4.909
8/24/1999,4.931
8/23/1999,4.843
8/20/1999,4.792
8/19/1999,4.742
8/18/1999,4.753
8/17/1999,4.8
8/16/1999,4.688
8/13/1999,4.73
8/12/1999,4.779
8/11/1999,4.894
8/10/1999,4.926
8/9/1999,4.843
8/6/1999,4.771
8/5/1999,4.7
8/4/1999,4.763
8/3/1999,4.816
8/2/1999,4.775
7/30/1999,4.745
7/29/1999,4.71
7/28/1999,4.701
7/27/1999,4.691
7/26/1999,4.677
7/23/1999,4.615
7/22/1999,4.596
7/21/1999,4.565
7/20/1999,4.607
7/19/1999,4.62
7/16/1999,4.667
7/15/1999,4.69
7/14/1999,4.711
7/13/1999,4.701
7/12/1999,4.687
7/9/1999,4.667
7/8/1999,4.658
7/7/1999,4.648
7/6/1999,4.635
7/2/1999,4.666
7/1/1999,4.658
6/30/1999,4.753
6/29/1999,4.784
6/28/1999,4.801
6/25/1999,4.781
6/24/1999,4.723
6/23/1999,4.721
6/22/1999,4.732
6/21/1999,4.677
6/18/1999,4.657
6/17/1999,4.627
6/16/1999,4.648
6/15/1999,4.712
6/14/1999,4.687
6/11/1999,4.729
6/10/1999,4.658
6/9/1999,4.586
6/8/1999,4.597
6/7/1999,4.5
6/4/1999,4.537
6/3/1999,4.606
6/2/1999,4.721
6/1/1999,4.666
5/28/1999,4.635
5/27/1999,4.627
5/26/1999,4.648
5/25/1999,4.628
5/24/1999,4.608
5/21/1999,4.584
5/20/1999,4.596
5/19/1999,4.607
5/18/1999,4.654
5/17/1999,4.686
5/14/1999,4.625
5/13/1999,4.586
5/12/1999,4.586
5/11/1999,4.597
5/10/1999,4.587
5/7/1999,4.511
5/6/1999,4.513
5/5/1999,4.513
5/4/1999,4.514
5/3/1999,4.514
4/30/1999,4.532
4/29/1999,4.492
4/28/1999,4.386
4/27/1999,4.389
4/26/1999,4.361
4/23/1999,4.423
4/22/1999,4.357
4/21/1999,4.347
4/20/1999,4.368
4/19/1999,4.34
4/16/1999,4.324
4/15/1999,4.305
4/14/1999,4.285
4/13/1999,4.28
4/12/1999,4.306
4/9/1999,4.363
4/8/1999,4.388
4/7/1999,4.399
4/6/1999,4.4
4/5/1999,4.366
4/1/1999,4.419
3/31/1999,4.487
3/30/1999,4.472
3/29/1999,4.481
3/26/1999,4.501
3/25/1999,4.502
3/24/1999,4.482
3/23/1999,4.493
3/22/1999,4.499
3/19/1999,4.501
3/18/1999,4.492
3/17/1999,4.524
3/16/1999,4.535
3/15/1999,4.587
3/12/1999,4.573
3/11/1999,4.606
3/10/1999,4.586
3/9/1999,4.587
3/8/1999,4.605
3/5/1999,4.615
3/4/1999,4.606
3/3/1999,4.596
3/2/1999,4.628
3/1/1999,4.702
2/26/1999,4.657
2/25/1999,4.614
2/24/1999,4.646
2/23/1999,4.657
2/22/1999,4.606
2/19/1999,4.54
2/18/1999,4.511
2/17/1999,4.522
2/16/1999,4.522
2/12/1999,4.519
2/11/1999,4.49
2/10/1999,4.46
2/9/1999,4.483
2/8/1999,4.484
2/5/1999,4.488
2/4/1999,4.469
2/3/1999,4.47
2/2/1999,4.512
2/1/1999,4.487
1/29/1999,4.447
1/28/1999,4.469
1/27/1999,4.418
1/26/1999,4.45
1/25/1999,4.419
1/22/1999,4.343
1/21/1999,4.293
1/20/1999,4.356
1/19/1999,4.377
1/15/1999,4.415
1/14/1999,4.407
1/13/1999,4.428
1/12/1999,4.47
1/11/1999,4.51
1/8/1999,4.452
1/7/1999,4.418
1/6/1999,4.444
1/5/1999,4.476
1/4/1999,4.471
12/31/1998,4.468
12/30/1998,4.532
12/29/1998,4.595
12/28/1998,4.533
12/24/1998,4.561
12/23/1998,4.563
12/22/1998,4.512
12/21/1998,4.489
12/18/1998,4.468
12/17/1998,4.459
12/16/1998,4.423
12/15/1998,4.47
12/14/1998,4.453
12/11/1998,4.488
12/10/1998,4.459
12/9/1998,4.418
12/8/1998,4.403
12/7/1998,4.44
12/4/1998,4.468
12/3/1998,4.428
12/2/1998,4.46
12/1/1998,4.481
11/30/1998,4.502
11/27/1998,4.53
11/25/1998,4.552
11/24/1998,4.605
11/23/1998,4.492
11/20/1998,4.457
11/19/1998,4.438
11/18/1998,4.428
11/17/1998,4.403
11/16/1998,4.502
11/13/1998,4.447
11/12/1998,4.459
11/11/1998,4.563
11/10/1998,4.553
11/9/1998,4.575
11/6/1998,4.644
11/5/1998,4.5
11/4/1998,4.553
11/3/1998,4.491
11/2/1998,4.409
10/30/1998,4.302
10/29/1998,4.293
10/28/1998,4.252
10/27/1998,4.149
10/26/1998,4.069
10/23/1998,3.889
10/22/1998,3.869
10/21/1998,3.88
10/20/1998,3.89
10/19/1998,3.77
10/16/1998,3.625
10/15/1998,3.941
10/14/1998,4.004
10/13/1998,3.968
10/12/1998,3.774
10/9/1998,3.775
10/8/1998,3.838
10/7/1998,4.123
10/6/1998,4.118
10/5/1998,4.119
10/2/1998,4.193
10/1/1998,4.125
9/30/1998,4.281
9/29/1998,4.387
9/28/1998,4.44
9/25/1998,4.483
9/24/1998,4.594
9/23/1998,4.688
9/22/1998,4.802
9/21/1998,4.72
9/18/1998,4.592
9/17/1998,4.63
9/16/1998,4.719
9/15/1998,4.792
9/14/1998,4.824
9/11/1998,4.856
9/10/1998,4.77
9/9/1998,4.859
9/8/1998,4.847
9/4/1998,4.845
9/3/1998,4.812
9/2/1998,4.885
9/1/1998,4.896
8/31/1998,4.808
8/28/1998,4.862
8/27/1998,4.958
8/26/1998,5.042
8/25/1998,5.073
8/24/1998,5.056
8/21/1998,4.996
8/20/1998,5.03
8/19/1998,5.051
8/18/1998,5.062
8/17/1998,4.98
8/14/1998,5.017
8/13/1998,5.04
8/12/1998,5.004
8/11/1998,5.01
8/10/1998,4.98
8/7/1998,4.991
8/6/1998,5.009
8/5/1998,5.067
8/4/1998,5.073
8/3/1998,5.099
7/31/1998,5.069
7/30/1998,5.061
7/29/1998,5.051
7/28/1998,5.042
7/27/1998,4.959
7/24/1998,5.069
7/23/1998,5.082
7/22/1998,5.062
7/21/1998,5.073
7/20/1998,5.084
7/17/1998,5.121
7/16/1998,5.134
7/15/1998,5.122
7/14/1998,5.14
7/13/1998,5.084
7/10/1998,5.038
7/9/1998,4.986
7/8/1998,5.072
7/7/1998,5.094
7/6/1998,5.058
7/2/1998,5.048
7/1/1998,5.03
6/30/1998,5.083
6/29/1998,5.011
6/26/1998,4.986
6/25/1998,4.999
6/24/1998,5.004
6/23/1998,5.068
6/22/1998,5.115
6/19/1998,5.14
6/18/1998,5.174
6/17/1998,5.197
6/16/1998,5.155
6/15/1998,5.138
6/12/1998,5.08
6/11/1998,5.082
6/10/1998,5.114
6/9/1998,5.13
6/8/1998,5.125
6/5/1998,5.08
6/4/1998,5.108
6/3/1998,5.098
6/2/1998,5.083
6/1/1998,4.969
5/29/1998,5.007
5/28/1998,5.051
5/27/1998,5.088
5/26/1998,5.14
5/25/1998,5.277
5/22/1998,5.192
5/21/1998,5.215
5/20/1998,5.158
5/19/1998,5.198
5/18/1998,5.156
5/15/1998,5.152
5/14/1998,5.144
5/13/1998,5.106
5/12/1998,5.111
5/11/1998,5.125
5/8/1998,5.107
5/7/1998,5.089
5/6/1998,5.09
5/5/1998,5.09
5/4/1998,5.032
5/1/1998,4.885
4/30/1998,4.967
4/29/1998,5.043
4/28/1998,5.05
4/27/1998,5.063
4/24/1998,5.009
4/23/1998,5.061
4/22/1998,5.069
4/21/1998,5.062
4/20/1998,5.032
4/17/1998,5.043
4/16/1998,5.035
4/15/1998,5.067
4/14/1998,5.114
4/13/1998,5.094
4/9/1998,5.048
4/8/1998,5.015
4/7/1998,5.031
4/6/1998,5.084
4/3/1998,5.033
4/2/1998,5.082
4/1/1998,5.102
3/31/1998,5.125
3/30/1998,5.176
3/27/1998,5.152
3/26/1998,5.165
3/25/1998,5.147
3/24/1998,5.135
3/23/1998,5.115
3/20/1998,5.155
3/19/1998,5.136
3/18/1998,5.143
3/17/1998,5.123
3/16/1998,5.042
3/13/1998,5.079
3/12/1998,5.069
3/11/1998,5.069
3/10/1998,5.082
3/9/1998,5.094
3/6/1998,5.14
3/5/1998,5.154
3/4/1998,5.155
3/3/1998,5.172
3/2/1998,5.25
2/27/1998,5.308
2/26/1998,5.308
2/25/1998,5.289
2/24/1998,5.298
2/23/1998,5.25
2/20/1998,5.199
2/19/1998,5.191
2/18/1998,5.181
2/17/1998,5.192
2/13/1998,5.141
2/12/1998,5.217
2/11/1998,5.207
2/10/1998,5.208
2/9/1998,5.136
2/6/1998,5.152
2/5/1998,5.121
2/4/1998,5.102
2/3/1998,5.229
2/2/1998,5.211
1/30/1998,5.172
1/29/1998,5.182
1/28/1998,5.203
1/27/1998,5.229
1/26/1998,5.105
1/23/1998,5.131
1/22/1998,5.109
1/21/1998,5.029
1/20/1998,5.123
1/16/1998,5.119
1/15/1998,5.061
1/14/1998,5.155
1/13/1998,5.176
1/12/1998,5.071
1/9/1998,4.996
1/8/1998,5.061
1/7/1998,5.203
1/6/1998,5.196
1/5/1998,5.217
1/2/1998,5.294
12/31/1997,5.352
12/30/1997,5.385
12/29/1997,5.391
12/26/1997,5.35
12/24/1997,5.341
12/23/1997,5.476
12/22/1997,5.445
12/19/1997,5.318
12/18/1997,5.227
12/17/1997,5.228
12/16/1997,5.196
12/15/1997,5.205
12/12/1997,5.16
12/11/1997,5.134
12/10/1997,5.186
12/9/1997,5.229
12/8/1997,5.214
12/5/1997,5.286
12/4/1997,5.247
12/3/1997,5.236
12/2/1997,5.237
12/1/1997,5.237
11/28/1997,5.18
11/26/1997,5.212
11/25/1997,5.286
11/24/1997,5.25
11/21/1997,5.225
11/20/1997,5.268
11/19/1997,5.268
11/18/1997,5.29
11/17/1997,5.245
11/14/1997,5.245
11/13/1997,5.227
11/12/1997,5.27
11/11/1997,5.322
11/10/1997,5.298
11/7/1997,5.286
11/6/1997,5.268
11/5/1997,5.249
11/4/1997,5.237
11/3/1997,5.235
10/31/1997,5.192
10/30/1997,5.144
10/29/1997,5.145
10/28/1997,5.231
10/27/1997,5.04
10/24/1997,5.119
10/23/1997,5.101
10/22/1997,5.143
10/21/1997,5.082
10/20/1997,5.032
10/17/1997,5.014
10/16/1997,5.008
10/15/1997,5.037
10/14/1997,5.042
10/13/1997,5.12
10/10/1997,5.098
10/9/1997,5.109
10/8/1997,5.082
10/7/1997,5.05
10/6/1997,4.969
10/3/1997,5.018
10/2/1997,5.051
10/1/1997,5.094
9/30/1997,5.073
9/29/1997,5.006
9/26/1997,4.922
9/25/1997,4.903
9/24/1997,4.927
9/23/1997,4.977
9/22/1997,5.011
9/19/1997,5.048
9/18/1997,5.082
9/17/1997,5.093
9/16/1997,5.01
9/15/1997,5.042
9/12/1997,5.085
9/11/1997,5.109
9/10/1997,5.09
9/9/1997,5.125
9/8/1997,5.144
9/5/1997,5.14
9/4/1997,5.121
9/3/1997,5.129
9/2/1997,5.176
8/29/1997,5.2
8/28/1997,5.218
8/27/1997,5.269
8/26/1997,5.25
8/25/1997,5.251
8/22/1997,5.215
8/21/1997,5.248
8/20/1997,5.228
8/19/1997,5.218
8/18/1997,5.219
8/15/1997,5.251
8/14/1997,5.321
8/13/1997,5.306
8/12/1997,5.312
8/11/1997,5.298
8/8/1997,5.287
8/7/1997,5.295
8/6/1997,5.28
8/5/1997,5.281
8/4/1997,5.276
8/1/1997,5.256
7/31/1997,5.227
7/30/1997,5.228
7/29/1997,5.198
7/28/1997,5.227
7/25/1997,5.215
7/24/1997,5.206
7/23/1997,5.186
7/22/1997,5.218
7/21/1997,5.25
7/18/1997,5.2
7/17/1997,5.203
7/16/1997,5.175
7/15/1997,5.184
7/14/1997,5.146
7/11/1997,5.111
7/10/1997,5.134
7/9/1997,5.09
7/8/1997,5.094
7/7/1997,5.089
7/3/1997,5.131
7/2/1997,5.218
7/1/1997,5.229
6/30/1997,5.185
6/27/1997,5.121
6/26/1997,5.118
6/25/1997,5.103
6/24/1997,5.146
6/23/1997,5.073
6/20/1997,5.058
6/19/1997,5.061
6/18/1997,5.049
6/17/1997,5.029
6/16/1997,4.962
6/13/1997,4.965
6/12/1997,4.957
6/11/1997,4.968
6/10/1997,5.031
6/9/1997,5.042
6/6/1997,5.048
6/5/1997,5.092
6/4/1997,5.051
6/3/1997,5.052
6/2/1997,4.954
5/30/1997,4.934
5/29/1997,5.009
5/28/1997,5.129
5/27/1997,5.161
5/23/1997,5.151
5/22/1997,5.154
5/21/1997,5.11
5/20/1997,5.204
5/19/1997,5.313
5/16/1997,5.147
5/15/1997,5.113
5/14/1997,5.155
5/13/1997,5.196
5/12/1997,5.131
5/9/1997,5.157
5/8/1997,5.174
5/7/1997,5.216
5/6/1997,5.176
5/5/1997,5.11
5/2/1997,5.213
5/1/1997,5.206
4/30/1997,5.216
4/29/1997,5.249
4/28/1997,5.317
4/25/1997,5.286
4/24/1997,5.295
4/23/1997,5.321
4/22/1997,5.33
4/21/1997,5.276
4/18/1997,5.287
4/17/1997,5.279
4/16/1997,5.277
4/15/1997,5.277
4/14/1997,5.253
4/11/1997,5.286
4/10/1997,5.276
4/9/1997,5.228
4/8/1997,5.229
4/7/1997,5.265
4/4/1997,5.265
4/3/1997,5.247
4/2/1997,5.277
4/1/1997,5.298
3/31/1997,5.317
3/27/1997,5.369
3/26/1997,5.337
3/25/1997,5.383
3/24/1997,5.378
3/21/1997,5.379
3/20/1997,5.321
3/19/1997,5.28
3/18/1997,5.269
3/17/1997,5.244
3/14/1997,5.213
3/13/1997,5.227
3/12/1997,5.195
3/11/1997,5.164
3/10/1997,5.179
3/7/1997,5.183
3/6/1997,5.203
3/5/1997,5.183
3/4/1997,5.204
3/3/1997,5.229
2/28/1997,5.225
2/27/1997,5.201
2/26/1997,5.186
2/25/1997,5.151
2/24/1997,5.094
2/21/1997,5.079
2/20/1997,5.081
2/19/1997,5.09
2/18/1997,5.085
2/14/1997,5.078
2/13/1997,5.109
2/12/1997,5.134
2/11/1997,5.135
2/10/1997,5.126
2/7/1997,5.126
2/6/1997,5.134
2/5/1997,5.119
2/4/1997,5.123
2/3/1997,5.086
1/31/1997,5.14
1/30/1997,5.154
1/29/1997,5.163
1/28/1997,5.164
1/27/1997,5.171
1/24/1997,5.152
1/23/1997,5.154
1/22/1997,5.155
1/21/1997,5.15
1/17/1997,5.119
1/16/1997,5.134
1/15/1997,5.122
1/14/1997,5.155
1/13/1997,5.159
1/10/1997,5.152
1/9/1997,5.109
1/8/1997,5.143
1/7/1997,5.143
1/6/1997,5.151
1/3/1997,5.152
1/2/1997,5.174
12/31/1996,5.186
12/30/1996,5.152
12/27/1996,5.1
12/26/1996,5.113
12/24/1996,5.069
12/23/1996,5.074
12/20/1996,4.994
12/19/1996,4.975
12/18/1996,5.008
12/17/1996,4.997
12/16/1996,4.975
12/13/1996,4.912
12/12/1996,4.947
12/11/1996,4.944
12/10/1996,4.936
12/9/1996,4.973
12/6/1996,4.994
12/5/1996,5.016
12/4/1996,5.008
12/3/1996,5.021
12/2/1996,5.058
11/29/1996,5.119
11/27/1996,5.142
11/26/1996,5.135
11/25/1996,5.162
11/22/1996,5.157
11/21/1996,5.165
11/20/1996,5.155
11/19/1996,5.155
11/18/1996,5.151
11/15/1996,5.131
11/14/1996,5.154
11/13/1996,5.155
11/12/1996,5.15
11/8/1996,5.151
11/7/1996,5.134
11/6/1996,5.143
11/5/1996,5.155
11/4/1996,5.136
11/1/1996,5.152
10/31/1996,5.144
10/30/1996,5.14
10/29/1996,5.14
10/28/1996,5.139
10/25/1996,5.107
10/24/1996,5.109
10/23/1996,5.11
10/22/1996,5.123
10/21/1996,5.106
10/18/1996,5.087
10/17/1996,5.101
10/16/1996,5.129
10/15/1996,5.138
10/14/1996,5.141
10/11/1996,5.126
10/10/1996,5.134
10/9/1996,5.11
10/8/1996,5.125
10/7/1996,5.025
10/4/1996,4.994
10/3/1996,5.025
10/2/1996,5.017
10/1/1996,5.05
9/30/1996,5.025
9/27/1996,5.026
9/26/1996,4.996
9/25/1996,5.049
9/24/1996,5.12
9/23/1996,5.273
9/20/1996,5.267
9/19/1996,5.217
9/18/1996,5.254
9/17/1996,5.31
9/16/1996,5.172
9/13/1996,5.192
9/12/1996,5.268
9/11/1996,5.297
9/10/1996,5.277
9/9/1996,5.253
9/6/1996,5.318
9/5/1996,5.341
9/4/1996,5.316
9/3/1996,5.307
8/30/1996,5.282
8/29/1996,5.223
8/28/1996,5.187
8/27/1996,5.188
8/26/1996,5.179
8/23/1996,5.14
8/22/1996,5.121
8/21/1996,5.122
8/20/1996,5.146
8/19/1996,5.171
8/16/1996,5.152
8/15/1996,5.154
8/14/1996,5.143
8/13/1996,5.164
8/12/1996,5.131
8/9/1996,5.131
8/8/1996,5.139
8/7/1996,5.15
8/6/1996,5.176
8/5/1996,5.172
8/2/1996,5.192
8/1/1996,5.227
7/31/1996,5.306
7/30/1996,5.29
7/29/1996,5.326
7/26/1996,5.274
7/25/1996,5.288
7/24/1996,5.297
7/23/1996,5.269
7/22/1996,5.287
7/19/1996,5.246
7/18/1996,5.235
7/17/1996,5.228
7/16/1996,5.249
7/15/1996,5.276
7/12/1996,5.235
7/11/1996,5.238
7/10/1996,5.27
7/9/1996,5.322
7/8/1996,5.287
7/5/1996,5.265
7/3/1996,5.217
7/2/1996,5.31
7/1/1996,5.179
6/28/1996,5.152
6/27/1996,5.174
6/26/1996,5.228
6/25/1996,5.229
6/24/1996,5.245
6/21/1996,5.245
6/20/1996,5.256
6/19/1996,5.216
6/18/1996,5.176
6/17/1996,5.171
6/14/1996,5.199
6/13/1996,5.227
6/12/1996,5.248
6/11/1996,5.249
6/10/1996,5.253
6/7/1996,5.215
6/6/1996,5.195
6/5/1996,5.216
6/4/1996,5.229
6/3/1996,5.203
5/31/1996,5.152
5/30/1996,5.17
5/29/1996,5.143
5/28/1996,5.158
5/24/1996,5.151
5/23/1996,5.154
5/22/1996,5.163
5/21/1996,5.155
5/20/1996,5.152
5/17/1996,5.142
5/16/1996,5.144
5/15/1996,5.124
5/14/1996,5.13
5/13/1996,5.151
5/10/1996,5.119
5/9/1996,5.121
5/8/1996,5.11
5/7/1996,5.135
5/6/1996,5.098
5/3/1996,5.099
5/2/1996,5.109
5/1/1996,5.082
4/30/1996,5.135
4/29/1996,5.099
4/26/1996,5.087
4/25/1996,5.092
4/24/1996,5.102
4/23/1996,5.09
4/22/1996,4.993
4/19/1996,5.006
4/18/1996,4.967
4/17/1996,4.944
4/16/1996,4.944
4/15/1996,4.985
4/12/1996,5.046
4/11/1996,5.069
4/10/1996,5.069
4/9/1996,5.078
4/8/1996,5.14
4/5/1996,5.153
4/4/1996,5.108
4/3/1996,5.123
4/2/1996,5.136
4/1/1996,5.119
3/29/1996,5.126
3/28/1996,5.174
3/27/1996,5.143
3/26/1996,5.135
3/25/1996,5.046
3/22/1996,5.087
3/21/1996,5.04
3/20/1996,5.114
3/19/1996,5.176
3/18/1996,5.159
3/15/1996,5.107
3/14/1996,5.097
3/13/1996,5.093
3/12/1996,5.082
3/11/1996,5.084
3/8/1996,5.007
3/7/1996,4.988
3/6/1996,5.017
3/5/1996,5.01
3/4/1996,4.92
3/1/1996,4.953
2/29/1996,4.996
2/28/1996,5.01
2/27/1996,4.99
2/26/1996,4.989
2/23/1996,4.958
2/22/1996,4.95
2/21/1996,4.956
2/20/1996,4.946
2/16/1996,4.885
2/15/1996,4.895
2/14/1996,4.908
2/13/1996,4.917
2/12/1996,4.922
2/9/1996,4.927
2/8/1996,4.908
2/7/1996,4.919
2/6/1996,4.961
2/5/1996,5.009
2/2/1996,4.979
2/1/1996,5.002
1/31/1996,5.051
1/30/1996,5.104
1/29/1996,5.145
1/26/1996,5.093
1/25/1996,5.115
1/24/1996,5.116
1/23/1996,5.104
1/22/1996,5.129
1/19/1996,5.104
1/18/1996,5.096
1/17/1996,5.133
1/16/1996,5.132
1/12/1996,5.153
1/11/1996,5.176
1/10/1996,5.177
1/9/1996,5.144
1/8/1996,5.166
1/5/1996,5.166
1/4/1996,5.169
1/3/1996,5.177
1/2/1996,5.118
12/29/1995,5.083
12/28/1995,4.991
12/27/1995,5.034
12/26/1995,5.066
12/22/1995,5.007
12/21/1995,5.001
12/20/1995,5.148
12/19/1995,5.227
12/18/1995,5.343
12/15/1995,5.333
12/14/1995,5.409
12/13/1995,5.409
12/12/1995,5.398
12/11/1995,5.478
12/8/1995,5.475
12/7/1995,5.502
12/6/1995,5.471
12/5/1995,5.462
12/4/1995,5.437
12/1/1995,5.437
11/30/1995,5.482
11/29/1995,5.472
11/28/1995,5.525
11/27/1995,5.468
11/24/1995,5.474
11/23/1995,5.521
11/22/1995,5.513
11/21/1995,5.494
11/20/1995,5.405
11/17/1995,5.49
11/16/1995,5.492
11/15/1995,5.524
11/14/1995,5.536
11/13/1995,5.583
11/10/1995,5.562
11/9/1995,5.531
11/8/1995,5.535
11/7/1995,5.536
11/6/1995,5.489
11/3/1995,5.469
11/2/1995,5.45
11/1/1995,5.472
10/31/1995,5.462
10/30/1995,5.437
10/27/1995,5.406
10/26/1995,5.388
10/25/1995,5.378
10/24/1995,5.363
10/23/1995,5.416
10/20/1995,5.341
10/19/1995,5.398
10/18/1995,5.399
10/17/1995,5.421
10/16/1995,5.468
10/13/1995,5.448
10/12/1995,5.461
10/11/1995,5.462
10/10/1995,5.425
10/9/1995,5.478
10/6/1995,5.457
10/5/1995,5.388
10/4/1995,5.462
10/3/1995,5.494
10/2/1995,5.416
9/29/1995,5.396
9/28/1995,5.44
9/27/1995,5.409
9/26/1995,5.441
9/25/1995,5.416
9/22/1995,5.344
9/21/1995,5.382
9/20/1995,5.326
9/19/1995,5.358
9/18/1995,5.437
9/15/1995,5.448
9/14/1995,5.429
9/13/1995,5.462
9/12/1995,5.431
9/11/1995,5.51
9/8/1995,5.516
9/7/1995,5.503
9/6/1995,5.493
9/5/1995,5.478
9/1/1995,5.413
8/31/1995,5.45
8/30/1995,5.43
8/29/1995,5.494
8/28/1995,5.453
8/25/1995,5.49
8/24/1995,5.493
8/23/1995,5.588
8/22/1995,5.589
8/21/1995,5.604
8/18/1995,5.584
8/17/1995,5.586
8/16/1995,5.587
8/15/1995,5.609
8/14/1995,5.572
8/11/1995,5.584
8/10/1995,5.544
8/9/1995,5.545
8/8/1995,5.556
8/7/1995,5.562
8/4/1995,5.563
8/3/1995,5.576
8/2/1995,5.566
8/1/1995,5.596
7/31/1995,5.572
7/28/1995,5.573
7/27/1995,5.565
7/26/1995,5.618
7/25/1995,5.598
7/24/1995,5.572
7/21/1995,5.604
7/20/1995,5.586
7/19/1995,5.576
7/18/1995,5.609
7/17/1995,5.609
7/14/1995,5.584
7/13/1995,5.513
7/12/1995,5.514
7/11/1995,5.525
7/10/1995,5.499
7/7/1995,5.521
7/6/1995,5.539
7/5/1995,5.665
7/3/1995,5.488
6/30/1995,5.573
6/29/1995,5.638
6/28/1995,5.556
6/27/1995,5.567
6/26/1995,5.551
6/23/1995,5.531
6/22/1995,5.513
6/21/1995,5.576
6/20/1995,5.567
6/19/1995,5.635
6/16/1995,5.646
6/15/1995,5.617
6/14/1995,5.608
6/13/1995,5.603
6/12/1995,5.708
6/9/1995,5.751
6/8/1995,5.764
6/7/1995,5.775
6/6/1995,5.682
6/5/1995,5.624
6/2/1995,5.542
6/1/1995,5.664
5/31/1995,5.786
5/30/1995,5.817
5/26/1995,5.833
5/25/1995,5.837
5/24/1995,5.864
5/23/1995,5.902
5/22/1995,5.896
5/19/1995,5.845
5/18/1995,5.863
5/17/1995,5.848
5/16/1995,5.849
5/15/1995,5.854
5/12/1995,5.866
5/11/1995,5.832
5/10/1995,5.817
5/9/1995,5.797
5/8/1995,5.739
5/5/1995,5.73
5/4/1995,5.743
5/3/1995,5.807
5/2/1995,5.87
5/1/1995,5.865
4/28/1995,5.866
4/27/1995,5.858
4/26/1995,5.827
4/25/1995,5.828
4/24/1995,5.781
4/21/1995,5.777
4/20/1995,5.759
4/19/1995,5.765
4/18/1995,5.734
4/17/1995,5.791
4/14/1995,5.751
4/13/1995,5.748
4/12/1995,5.807
4/11/1995,5.823
4/10/1995,5.823
4/7/1995,5.834
4/6/1995,5.827
4/5/1995,5.859
4/4/1995,5.902
4/3/1995,5.87
3/31/1995,5.855
3/30/1995,5.837
3/29/1995,5.827
3/28/1995,5.849
3/27/1995,5.823
3/24/1995,5.834
3/23/1995,5.868
3/22/1995,5.895
3/21/1995,5.923
3/20/1995,5.896
3/17/1995,5.907
3/16/1995,5.91
3/15/1995,5.922
3/14/1995,5.933
3/13/1995,5.922
3/10/1995,5.939
3/9/1995,5.9
3/8/1995,5.943
3/7/1995,5.944
3/6/1995,5.917
3/3/1995,5.897
3/2/1995,5.9
3/1/1995,5.911
2/28/1995,5.954
2/27/1995,5.849
2/24/1995,5.886
2/23/1995,5.831
2/22/1995,5.853
2/21/1995,5.848
2/20/1995,5.868
2/17/1995,5.854
2/16/1995,5.842
2/15/1995,5.891
2/14/1995,5.948
2/13/1995,5.953
2/10/1995,5.912
2/9/1995,5.931
2/8/1995,5.905
2/7/1995,5.959
2/6/1995,5.963
2/3/1995,5.86
2/2/1995,5.998
2/1/1995,5.937
1/31/1995,5.959
1/30/1995,5.869
1/27/1995,5.912
1/26/1995,5.915
1/25/1995,5.947
1/24/1995,5.948
1/23/1995,5.911
1/20/1995,5.881
1/19/1995,5.863
1/18/1995,5.864
1/17/1995,5.77
1/16/1995,5.702
1/13/1995,5.698
1/12/1995,5.758
1/11/1995,5.759
1/10/1995,5.812
1/9/1995,5.911
1/6/1995,5.87
1/5/1995,5.873
1/4/1995,5.812
1/3/1995,5.655
1/2/1995,5.629
