date,price
19/10/1994,16.275
20/10/1994,16.575
21/10/1994,16.35
24/10/1994,16.475
25/10/1994,16.475
26/10/1994,16.875
27/10/1994,17.075
28/10/1994,17.175
31/10/1994,17.125
01/11/1994,17.45
02/11/1994,17.575
03/11/1994,17.75
04/11/1994,18.05
07/11/1994,17.775
08/11/1994,17.375
09/11/1994,17.55
10/11/1994,17.175
11/11/1994,17.425
14/11/1994,17.25
15/11/1994,16.975
16/11/1994,16.75
17/11/1994,16.525
18/11/1994,16.5
21/11/1994,17.25
22/11/1994,17.2
23/11/1994,16.925
24/11/1994,16.95
25/11/1994,17
28/11/1994,17
29/11/1994,16.925
30/11/1994,17.025
01/12/1994,16.975
02/12/1994,16.4
05/12/1994,15.925
06/12/1994,16.05
07/12/1994,15.875
08/12/1994,16.125
09/12/1994,16.075
12/12/1994,15.975
13/12/1994,15.675
14/12/1994,15.775
15/12/1994,15.6
16/12/1994,15.475
19/12/1994,15.575
20/12/1994,15.725
21/12/1994,15.575
22/12/1994,15.6
23/12/1994,15.55
28/12/1994,16.225
29/12/1994,16.125
30/12/1994,16.225
03/01/1995,15.875
04/01/1995,15.825
05/01/1995,16.1
06/01/1995,16.175
09/01/1995,16.075
10/01/1995,16
11/01/1995,16.4
12/01/1995,16.475
13/01/1995,16.2
16/01/1995,16.375
17/01/1995,16.875
18/01/1995,17.15
19/01/1995,17.175
20/01/1995,17.225
23/01/1995,17.05
24/01/1995,17.15
25/01/1995,16.975
26/01/1995,16.725
27/01/1995,16.375
30/01/1995,16.675
31/01/1995,16.9
01/02/1995,17.1
02/02/1995,17.075
03/02/1995,17.4
06/02/1995,17.125
07/02/1995,17
08/02/1995,17.025
09/02/1995,16.85
10/02/1995,16.95
13/02/1995,16.85
14/02/1995,17.075
15/02/1995,17
16/02/1995,17.175
17/02/1995,17.4
20/02/1995,17.425
21/02/1995,17.225
22/02/1995,17.1
23/02/1995,17.1
24/02/1995,17.1
27/02/1995,17.35
28/02/1995,17.2
01/03/1995,16.85
02/03/1995,16.475
03/03/1995,16.725
06/03/1995,16.75
07/03/1995,16.85
08/03/1995,16.725
09/03/1995,16.55
10/03/1995,16.5
13/03/1995,16.4
14/03/1995,16.325
15/03/1995,16.4
16/03/1995,16.5
17/03/1995,16.55
20/03/1995,16.825
21/03/1995,16.8
22/03/1995,17.325
23/03/1995,17.475
24/03/1995,17.65
27/03/1995,17.875
28/03/1995,17.775
29/03/1995,18.025
30/03/1995,17.975
31/03/1995,18.025
03/04/1995,17.875
04/04/1995,18.025
05/04/1995,18.5
06/04/1995,18.85
07/04/1995,18.55
10/04/1995,18.175
11/04/1995,18.625
12/04/1995,18.375
13/04/1995,17.875
18/04/1995,18.6
19/04/1995,18.825
20/04/1995,19
21/04/1995,19.35
24/04/1995,19.05
25/04/1995,19.2
26/04/1995,18.9
27/04/1995,19.25
28/04/1995,19.1
01/05/1995,19.225
02/05/1995,18.625
03/05/1995,18.375
04/05/1995,18.725
05/05/1995,18.85
09/05/1995,18.05
10/05/1995,18.175
11/05/1995,17.95
12/05/1995,18.35
15/05/1995,18.6
16/05/1995,18.575
17/05/1995,18.525
18/05/1995,18.325
19/05/1995,18.425
22/05/1995,18.875
23/05/1995,18.475
24/05/1995,18.3
25/05/1995,18.075
26/05/1995,17.375
30/05/1995,17.425
31/05/1995,17.575
01/06/1995,17.725
02/06/1995,17.8
05/06/1995,18.3
06/06/1995,17.95
07/06/1995,18.1
08/06/1995,17.95
09/06/1995,17.8
12/06/1995,17.7
13/06/1995,17.85
14/06/1995,17.75
15/06/1995,17.95
16/06/1995,17.8
19/06/1995,17.05
20/06/1995,16.975
21/06/1995,16.5
22/06/1995,16.5
23/06/1995,16.45
26/06/1995,16.55
27/06/1995,16.625
28/06/1995,17
29/06/1995,16.5
30/06/1995,16.575
03/07/1995,16.35
04/07/1995,15.925
05/07/1995,16
06/07/1995,16.175
07/07/1995,16
10/07/1995,15.85
11/07/1995,15.825
12/07/1995,15.55
13/07/1995,15.875
14/07/1995,15.825
17/07/1995,15.65
18/07/1995,15.725
19/07/1995,15.7
20/07/1995,15.5
21/07/1995,15.525
24/07/1995,15.45
25/07/1995,15.475
26/07/1995,16
27/07/1995,16.025
28/07/1995,15.875
31/07/1995,15.775
01/08/1995,16.1
02/08/1995,16.125
03/08/1995,16.025
04/08/1995,16.1
07/08/1995,15.925
08/08/1995,16.025
09/08/1995,16.125
10/08/1995,16.075
11/08/1995,16.2
14/08/1995,15.9
15/08/1995,15.8
16/08/1995,15.75
17/08/1995,15.925
18/08/1995,16.05
21/08/1995,16.375
22/08/1995,16.275
23/08/1995,16.475
24/08/1995,16.3
25/08/1995,16.15
29/08/1995,16.2
30/08/1995,16.125
31/08/1995,16.1
01/09/1995,16.25
04/09/1995,15.35
05/09/1995,16.775
06/09/1995,16.625
07/09/1995,16.525
08/09/1995,16.825
11/09/1995,16.75
12/09/1995,16.9
13/09/1995,16.925
14/09/1995,17
15/09/1995,17.225
18/09/1995,17.25
19/09/1995,17.225
20/09/1995,16.95
21/09/1995,17.1
22/09/1995,16.25
25/09/1995,16.225
26/09/1995,16.15
27/09/1995,16.25
28/09/1995,16.775
29/09/1995,16.5
02/10/1995,16.65
03/10/1995,16.575
04/10/1995,16.4
05/10/1995,15.8
06/10/1995,15.75
09/10/1995,16.05
10/10/1995,16.05
11/10/1995,16.1
12/10/1995,15.9
13/10/1995,16.175
16/10/1995,16.25
17/10/1995,16.025
18/10/1995,15.9
19/10/1995,15.8
20/10/1995,15.8
23/10/1995,15.875
24/10/1995,16.075
25/10/1995,15.975
26/10/1995,16.275
27/10/1995,16.35
30/10/1995,16.45
31/10/1995,16.575
01/11/1995,16.525
02/11/1995,16.825
03/11/1995,16.9
06/11/1995,16.85
07/11/1995,16.7
08/11/1995,16.75
09/11/1995,16.9
10/11/1995,16.825
13/11/1995,16.625
14/11/1995,16.575
15/11/1995,16.725
16/11/1995,16.775
17/11/1995,17.025
20/11/1995,16.8
21/11/1995,16.6
22/11/1995,16.9
23/11/1995,16.875
24/11/1995,16.925
27/11/1995,17.2
28/11/1995,17.3
29/11/1995,17.3
30/11/1995,17.125
01/12/1995,17.175
04/12/1995,17.35
05/12/1995,17.55
06/12/1995,17.55
07/12/1995,17.475
08/12/1995,17.725
11/12/1995,17.5
12/12/1995,17.475
13/12/1995,17.7
14/12/1995,17.9
15/12/1995,18.15
18/12/1995,18.325
19/12/1995,18.025
20/12/1995,18.05
21/12/1995,18.05
22/12/1995,18.175
27/12/1995,18.8
28/12/1995,18.775
29/12/1995,18.65
02/01/1996,18.95
03/01/1996,19.175
04/01/1996,19.125
05/01/1996,19.5
08/01/1996,19.625
09/01/1996,19.075
10/01/1996,18.475
11/01/1996,17.85
12/01/1996,17.575
15/01/1996,17.525
16/01/1996,17.725
17/01/1996,17.425
18/01/1996,17.9
19/01/1996,17.525
22/01/1996,17.525
23/01/1996,17.35
24/01/1996,17.375
25/01/1996,17
26/01/1996,16.7
29/01/1996,16.35
30/01/1996,16.525
31/01/1996,16.65
01/02/1996,16.775
02/02/1996,17.05
05/02/1996,16.925
06/02/1996,16.825
07/02/1996,16.925
08/02/1996,17.05
09/02/1996,17.225
12/02/1996,17.175
13/02/1996,18.075
14/02/1996,18.175
15/02/1996,18.175
16/02/1996,18.2
19/02/1996,18.2
20/02/1996,18.575
21/02/1996,19.15
22/02/1996,19.35
23/02/1996,18.85
26/02/1996,18.85
27/02/1996,19
28/02/1996,18.65
29/02/1996,18.8
01/03/1996,18.55
04/03/1996,18.3
05/03/1996,18.775
06/03/1996,19.325
07/03/1996,19.025
08/03/1996,18.85
11/03/1996,18.925
12/03/1996,19.3
13/03/1996,19.575
14/03/1996,19.5
15/03/1996,19.3
18/03/1996,20.5
19/03/1996,20.35
20/03/1996,20.25
21/03/1996,20.3
22/03/1996,20.6
25/03/1996,21.55
26/03/1996,21.425
27/03/1996,21.325
28/03/1996,20.25
29/03/1996,20.325
01/04/1996,20.675
02/04/1996,21.175
03/04/1996,20.925
04/04/1996,20.85
09/04/1996,21.475
10/04/1996,22.55
11/04/1996,23.9
12/04/1996,22.125
15/04/1996,22.325
16/04/1996,21.25
17/04/1996,19.975
18/04/1996,19.325
19/04/1996,19.25
22/04/1996,19.375
23/04/1996,20.875
24/04/1996,20.725
25/04/1996,20.35
26/04/1996,20.3
29/04/1996,20.025
30/04/1996,19.5
01/05/1996,18.95
02/05/1996,19
03/05/1996,19.375
07/05/1996,20
08/05/1996,19.85
09/05/1996,19.35
10/05/1996,19.225
13/05/1996,19.475
14/05/1996,19.625
15/05/1996,19.475
16/05/1996,18.75
17/05/1996,18.05
20/05/1996,18.8
21/05/1996,18.825
22/05/1996,19.4
23/05/1996,19.5
24/05/1996,19.75
28/05/1996,19.525
29/05/1996,18.9
30/05/1996,18.125
31/05/1996,18.05
03/06/1996,18.25
04/06/1996,18.65
05/06/1996,18.175
06/06/1996,18.075
07/06/1996,18.25
10/06/1996,18.475
11/06/1996,18.275
12/06/1996,18.175
13/06/1996,18.075
14/06/1996,17.775
17/06/1996,18.675
18/06/1996,18.775
19/06/1996,18.425
20/06/1996,18.325
21/06/1996,18.475
24/06/1996,18.8
25/06/1996,18.45
26/06/1996,18.575
27/06/1996,18.85
28/06/1996,19.2
01/07/1996,19.77
02/07/1996,19.425
03/07/1996,19.125
04/07/1996,19.77
05/07/1996,19.975
08/07/1996,19.45
09/07/1996,19.625
10/07/1996,19.875
11/07/1996,20.075
12/07/1996,19.925
15/07/1996,20.175
16/07/1996,20.375
17/07/1996,19.775
18/07/1996,19.725
19/07/1996,19.525
22/07/1996,19.225
23/07/1996,19.525
24/07/1996,19.36
25/07/1996,19.5
26/07/1996,18.9
29/07/1996,18.95
30/07/1996,18.9
31/07/1996,19
01/08/1996,18.84
02/08/1996,19.625
05/08/1996,19.65
06/08/1996,19.475
07/08/1996,20.1
08/08/1996,20.1
09/08/1996,20.05
12/08/1996,20.65
13/08/1996,21
14/08/1996,20.9
15/08/1996,20.925
16/08/1996,21.325
19/08/1996,21.575
20/08/1996,21.45
21/08/1996,20.8
22/08/1996,21.25
23/08/1996,20.775
27/08/1996,20.5
28/08/1996,20.65
29/08/1996,21
30/08/1996,21.05
02/09/1996,22.225
03/09/1996,21.875
04/09/1996,22.425
05/09/1996,22.15
06/09/1996,22.525
09/09/1996,22.325
10/09/1996,22.775
11/09/1996,23.5
12/09/1996,23.35
13/09/1996,23.325
16/09/1996,22.3
17/09/1996,21.7
18/09/1996,22.375
19/09/1996,22.075
20/09/1996,22.25
23/09/1996,22.15
24/09/1996,23
25/09/1996,23.1
26/09/1996,23.025
27/09/1996,23.3
30/09/1996,23.175
01/10/1996,23.175
02/10/1996,23.125
03/10/1996,23.875
04/10/1996,23.9
07/10/1996,24.225
08/10/1996,24.725
09/10/1996,24.575
10/10/1996,23.55
11/10/1996,23.925
14/10/1996,24.75
15/10/1996,24.575
16/10/1996,24.5
17/10/1996,24.825
18/10/1996,24.675
21/10/1996,25.075
22/10/1996,25.4
23/10/1996,24.575
24/10/1996,24.175
25/10/1996,24.275
28/10/1996,24.425
29/10/1996,23.325
30/10/1996,23.15
31/10/1996,22.8
01/11/1996,22.3
04/11/1996,22.125
05/11/1996,21.825
06/11/1996,21.825
07/11/1996,21.625
08/11/1996,22.4
11/11/1996,22.7
12/11/1996,22.375
13/11/1996,23.175
14/11/1996,23.175
15/11/1996,23.275
18/11/1996,22.8
19/11/1996,23.13
20/11/1996,23.2
21/11/1996,23
22/11/1996,23.86
25/11/1996,23.19
26/11/1996,22.78
27/11/1996,23.07
28/11/1996,23
29/11/1996,23.17
02/12/1996,23.5
03/12/1996,24.12
04/12/1996,24.21
05/12/1996,24.49
06/12/1996,24.56
09/12/1996,24.18
10/12/1996,23.74
11/12/1996,22.85
12/12/1996,22.7
13/12/1996,22.95
16/12/1996,24
17/12/1996,24.05
18/12/1996,23.9
19/12/1996,24.25
20/12/1996,23.96
23/12/1996,23.51
24/12/1996,23.65
27/12/1996,23.55
30/12/1996,23.975
31/12/1996,23.9
02/01/1997,24.8
03/01/1997,24.19
06/01/1997,24.76
07/01/1997,24.76
08/01/1997,24.78
09/01/1997,24.75
10/01/1997,24.3
13/01/1997,23.45
14/01/1997,23.14
15/01/1997,23.31
16/01/1997,23.31
17/01/1997,22.85
20/01/1997,22.85
21/01/1997,22.98
22/01/1997,22.93
23/01/1997,22.925
24/01/1997,22.8
27/01/1997,22.56
28/01/1997,22.6
29/01/1997,23.01
30/01/1997,23.43
31/01/1997,23.28
03/02/1997,22.91
04/02/1997,22.65
05/02/1997,22.7
06/02/1997,21.86
07/02/1997,21.7
10/02/1997,20.73
11/02/1997,21.25
12/02/1997,21.15
13/02/1997,20.35
14/02/1997,20.56
17/02/1997,20.48
18/02/1997,20.56
19/02/1997,20.98
20/02/1997,20.55
21/02/1997,20.13
24/02/1997,19.87
25/02/1997,20.08
26/02/1997,19.82
27/02/1997,19.96
28/02/1997,19.45
03/03/1997,19.1
04/03/1997,19.4
05/03/1997,19.38
06/03/1997,19.55
10/03/1997,19
11/03/1997,18.575
12/03/1997,18.98
13/03/1997,19.3
14/03/1997,19.44
17/03/1997,18.98
18/03/1997,19.54
19/03/1997,20
20/03/1997,19.62
21/03/1997,19.39
24/03/1997,18.9
25/03/1997,18.77
26/03/1997,18.91
27/03/1997,18.53
01/04/1997,18.15
02/04/1997,17.97
03/04/1997,17.28
04/04/1997,16.75
07/04/1997,16.92
08/04/1997,17
09/04/1997,17.02
10/04/1997,17.25
11/04/1997,17.54
14/04/1997,17.61
15/04/1997,17.53
16/04/1997,17.24
17/04/1997,16.9
18/04/1997,17.26
21/04/1997,17.74
22/04/1997,17.72
23/04/1997,17.46
24/04/1997,17.8
25/04/1997,18.07
28/04/1997,17.92
29/04/1997,18.27
30/04/1997,18.25
01/05/1997,18.24
02/05/1997,17.7
06/05/1997,17.82
07/05/1997,17.84
08/05/1997,18.35
09/05/1997,18.62
12/05/1997,19.42
13/05/1997,19.4
14/05/1997,19.1
15/05/1997,19.4
16/05/1997,19.77
19/05/1997,19.92
20/05/1997,19.75
21/05/1997,19.95
22/05/1997,20.03
23/05/1997,20.15
27/05/1997,19.3
28/05/1997,18.9
29/05/1997,19.375
30/05/1997,19.1
02/06/1997,19.25
03/06/1997,18.6
04/06/1997,18.4
05/06/1997,17.85
06/06/1997,17.85
09/06/1997,17.2
10/06/1997,17
11/06/1997,17.15
12/06/1997,16.75
13/06/1997,17
16/06/1997,17.15
17/06/1997,17.3
18/06/1997,17.3
19/06/1997,17.5
20/06/1997,17.1
23/06/1997,17.55
24/06/1997,17.65
25/06/1997,17.65
26/06/1997,17.6
27/06/1997,18
30/06/1997,18.22
01/07/1997,18.65
02/07/1997,18.895
03/07/1997,18.145
04/07/1997,18.145
07/07/1997,18.275
08/07/1997,18.49
09/07/1997,18.32
10/07/1997,18.06
11/07/1997,17.995
14/07/1997,17.695
15/07/1997,18.29
16/07/1997,18.27
17/07/1997,18.645
18/07/1997,18.6
21/07/1997,18.14
22/07/1997,18.165
23/07/1997,18.39
24/07/1997,18.575
25/07/1997,18.59
28/07/1997,18.445
29/07/1997,18.615
30/07/1997,19.02
31/07/1997,18.94
01/08/1997,19.33
04/08/1997,19.64
05/08/1997,19.51
06/08/1997,19.21
07/08/1997,18.94
08/08/1997,18.56
11/08/1997,18.21
12/08/1997,18.56
13/08/1997,18.63
14/08/1997,19
15/08/1997,18.77
18/08/1997,18.41
19/08/1997,18.88
20/08/1997,18.83
21/08/1997,18.26
22/08/1997,18.34
26/08/1997,17.58
27/08/1997,17.83
28/08/1997,17.91
29/08/1997,17.98
01/09/1997,17.92
02/09/1997,18.22
03/09/1997,18.12
04/09/1997,17.925
05/09/1997,18.15
08/09/1997,18.03
09/09/1997,18.18
10/09/1997,18.08
11/09/1997,18.21
12/09/1997,18.06
15/09/1997,18.05
16/09/1997,18.4
17/09/1997,18.21
18/09/1997,18.14
19/09/1997,18.32
22/09/1997,18.65
23/09/1997,18.57
24/09/1997,18.52
25/09/1997,19.05
26/09/1997,19.36
29/09/1997,19.48
30/09/1997,19.98
01/10/1997,19.87
02/10/1997,20.13
03/10/1997,21.29
06/10/1997,20.94
07/10/1997,20.71
08/10/1997,20.79
09/10/1997,20.6
10/10/1997,20.73
13/10/1997,20.08
14/10/1997,19.4
15/10/1997,19.27
16/10/1997,19.56
17/10/1997,19.86
20/10/1997,19.29
21/10/1997,19.3
22/10/1997,19.87
23/10/1997,19.89
24/10/1997,19.45
27/10/1997,19.63
28/10/1997,18.86
29/10/1997,19
30/10/1997,19.45
31/10/1997,19.42
03/11/1997,19.48
04/11/1997,19.1
05/11/1997,18.93
06/11/1997,18.97
07/11/1997,19.24
10/11/1997,19.14
11/11/1997,19.09
12/11/1997,19.26
13/11/1997,19.71
14/11/1997,20.24
17/11/1997,19.59
18/11/1997,19.39
19/11/1997,19.41
20/11/1997,18.82
21/11/1997,18.83
24/11/1997,19.01
25/11/1997,19.14
26/11/1997,18.5
27/11/1997,18.64
28/11/1997,18.96
01/12/1997,18.01
02/12/1997,18.04
03/12/1997,17.94
04/12/1997,17.68
05/12/1997,17.91
08/12/1997,17.87
09/12/1997,17.57
10/12/1997,17.08
11/12/1997,16.98
12/12/1997,17.12
15/12/1997,16.89
16/12/1997,16.79
17/12/1997,16.96
18/12/1997,17.26
19/12/1997,17.2
22/12/1997,17.04
23/12/1997,17.09
24/12/1997,16.945
29/12/1997,16.35
30/12/1997,16.01
31/12/1997,15.86
02/01/1998,15.885
05/01/1998,15.29
06/01/1998,15.48
07/01/1998,15.33
08/01/1998,15.47
09/01/1998,15.33
12/01/1998,15.07
13/01/1998,15.08
14/01/1998,14.81
15/01/1998,14.75
16/01/1998,14.89
19/01/1998,15.38
20/01/1998,14.95
21/01/1998,14.67
22/01/1998,14.35
23/01/1998,14.26
26/01/1998,14.79
27/01/1998,15.74
28/01/1998,15.64
29/01/1998,16.28
30/01/1998,15.59
02/02/1998,15.28
03/02/1998,14.87
04/02/1998,14.56
05/02/1998,14.83
06/02/1998,15.05
09/02/1998,14.77
10/02/1998,14.6
11/02/1998,14.35
12/02/1998,14.04
13/02/1998,14.05
16/02/1998,13.5
17/02/1998,13.5
18/02/1998,13.46
19/02/1998,14.02
20/02/1998,13.91
23/02/1998,13.26
24/02/1998,13.08
25/02/1998,13.35
26/02/1998,13.38
27/02/1998,13.53
02/03/1998,13.37
03/03/1998,13.18
04/03/1998,13.09
05/03/1998,13.18
06/03/1998,12.85
09/03/1998,12.24
10/03/1998,12.36
11/03/1998,12.41
12/03/1998,12.3
13/03/1998,12.25
16/03/1998,11.74
17/03/1998,11.05
18/03/1998,12.21
19/03/1998,12.41
20/03/1998,12.35
23/03/1998,14.53
24/03/1998,14.01
25/03/1998,14.41
26/03/1998,15.18
27/03/1998,14.92
30/03/1998,14.35
31/03/1998,13.87
01/04/1998,13.72
02/04/1998,13.38
03/04/1998,13.63
06/04/1998,13.13
07/04/1998,12.82
08/04/1998,12.79
09/04/1998,13.23
14/04/1998,13.15
15/04/1998,13.31
16/04/1998,13.68
17/04/1998,14.06
20/04/1998,13.82
21/04/1998,13.95
22/04/1998,13.71
23/04/1998,13.42
24/04/1998,13.32
27/04/1998,13.65
28/04/1998,13.88
29/04/1998,14.09
30/04/1998,13.79
01/05/1998,14.6
05/05/1998,14.13
06/05/1998,13.91
07/05/1998,13.81
08/05/1998,13.94
11/05/1998,14.41
12/05/1998,14.75
13/05/1998,14.15
14/05/1998,14.29
15/05/1998,14.33
18/05/1998,14.72
19/05/1998,14.87
20/05/1998,14.58
21/05/1998,14.29
22/05/1998,14.33
26/05/1998,14.27
27/05/1998,14.78
28/05/1998,14.71
29/05/1998,14.03
01/06/1998,13.66
02/06/1998,13.62
03/06/1998,13.23
04/06/1998,13.71
05/06/1998,13.95
08/06/1998,13.61
09/06/1998,12.76
10/06/1998,12.23
11/06/1998,12.12
12/06/1998,11.45
15/06/1998,10.54
16/06/1998,10.69
17/06/1998,11
18/06/1998,10.78
19/06/1998,10.75
22/06/1998,11.08
23/06/1998,12.19
24/06/1998,12.41
25/06/1998,11.92
26/06/1998,11.97
29/06/1998,11.83
30/06/1998,11.92
01/07/1998,11.87
02/07/1998,11.84
03/07/1998,11.79
06/07/1998,11.36
07/07/1998,11.54
08/07/1998,11.74
09/07/1998,11.58
10/07/1998,11.39
13/07/1998,11.37
14/07/1998,11.71
15/07/1998,11.79
16/07/1998,12.53
17/07/1998,12.38
20/07/1998,11.74
21/07/1998,12.36
22/07/1998,12.32
23/07/1998,12.21
24/07/1998,12.37
27/07/1998,12.82
28/07/1998,12.76
29/07/1998,12.64
30/07/1998,12.68
31/07/1998,12.71
03/08/1998,11.98
04/08/1998,12.13
05/08/1998,11.97
06/08/1998,11.98
07/08/1998,11.91
10/08/1998,11.25
11/08/1998,10.98
12/08/1998,11.15
13/08/1998,11.51
14/08/1998,11.5
17/08/1998,11.85
18/08/1998,11.83
19/08/1998,12.16
20/08/1998,12.41
21/08/1998,12.08
24/08/1998,12.4
25/08/1998,12.56
26/08/1998,12.29
27/08/1998,12.02
28/08/1998,12.27
01/09/1998,12.17
02/09/1998,12.05
03/09/1998,13.03
04/09/1998,12.91
07/09/1998,12.51
08/09/1998,12.48
09/09/1998,12.26
10/09/1998,12.66
11/09/1998,12.43
14/09/1998,12.32
15/09/1998,12.56
16/09/1998,12.65
17/09/1998,12.98
18/09/1998,14.08
21/09/1998,14.35
22/09/1998,14.6
23/09/1998,14.59
24/09/1998,14.77
25/09/1998,14.56
28/09/1998,14.52
29/09/1998,14.72
30/09/1998,14.82
01/10/1998,14.27
02/10/1998,14.53
05/10/1998,14.21
06/10/1998,14.12
07/10/1998,13.58
08/10/1998,13.04
09/10/1998,13.15
12/10/1998,13.18
13/10/1998,12.56
14/10/1998,12.14
15/10/1998,12
16/10/1998,12.09
19/10/1998,11.34
20/10/1998,11.31
21/10/1998,11.8
22/10/1998,11.71
23/10/1998,12
26/10/1998,12.75
27/10/1998,12.41
28/10/1998,12.37
29/10/1998,12.11
30/10/1998,12.22
02/11/1998,12.21
03/11/1998,11.84
04/11/1998,11.82
05/11/1998,11.73
06/11/1998,11.45
09/11/1998,11.15
10/11/1998,11.1
11/11/1998,11.41
12/11/1998,11.57
13/11/1998,11.54
16/11/1998,10.99
17/11/1998,10.56
18/11/1998,10.11
19/11/1998,10.41
20/11/1998,10.51
23/11/1998,10.57
24/11/1998,10.57
25/11/1998,10.22
26/11/1998,10.66
27/11/1998,10.77
30/11/1998,9.93
01/12/1998,9.85
02/12/1998,9.67
03/12/1998,9.74
04/12/1998,9.69
07/12/1998,9.65
08/12/1998,9.57
09/12/1998,9.42
10/12/1998,9.21
11/12/1998,9.14
14/12/1998,9.42
15/12/1998,9.88
16/12/1998,11.12
17/12/1998,9.92
18/12/1998,9.6
21/12/1998,9.91
22/12/1998,9.8
23/12/1998,9.97
24/12/1998,9.97
29/12/1998,10.3
30/12/1998,10.46
31/12/1998,10.54
04/01/1999,10.94
05/01/1999,10.3
06/01/1999,10.73
07/01/1999,11.51
08/01/1999,11.5
11/01/1999,12.14
12/01/1999,11.69
13/01/1999,11.02
14/01/1999,11.01
15/01/1999,10.97
18/01/1999,10.81
19/01/1999,11.01
20/01/1999,10.81
21/01/1999,11.1
22/01/1999,11.32
25/01/1999,11.19
26/01/1999,10.77
27/01/1999,10.94
28/01/1999,11.1
29/01/1999,11.43
01/02/1999,10.7
02/02/1999,10.46
03/02/1999,10.6
04/02/1999,10.44
05/02/1999,10.15
08/02/1999,9.83
09/02/1999,9.75
10/02/1999,9.75
11/02/1999,9.81
12/02/1999,9.97
15/02/1999,10.34
16/02/1999,9.98
17/02/1999,9.98
18/02/1999,10.19
19/02/1999,10.27
22/02/1999,10.29
23/02/1999,10.69
24/02/1999,10.81
25/02/1999,10.85
26/02/1999,10.62
01/03/1999,10.56
02/03/1999,10.37
03/03/1999,10.85
04/03/1999,11.15
05/03/1999,11.08
08/03/1999,11.35
09/03/1999,11.18
10/03/1999,11.49
11/03/1999,11.91
12/03/1999,12.21
15/03/1999,12.06
16/03/1999,12.05
17/03/1999,13.02
18/03/1999,13.07
19/03/1999,13.17
22/03/1999,13.37
23/03/1999,13.56
24/03/1999,13.3
25/03/1999,13.64
26/03/1999,13.93
29/03/1999,14.42
30/03/1999,14.65
31/03/1999,15.09
01/04/1999,14.57
06/04/1999,14.48
07/04/1999,13.81
08/04/1999,13.67
09/04/1999,14.37
12/04/1999,14.25
13/04/1999,14.73
14/04/1999,14.53
15/04/1999,14.94
16/04/1999,15.45
19/04/1999,15.89
20/04/1999,15.85
21/04/1999,16.04
22/04/1999,16.27
23/04/1999,15.72
26/04/1999,15.5
27/04/1999,16.12
28/04/1999,17.21
29/04/1999,16.74
30/04/1999,16.92
04/05/1999,16.67
05/05/1999,17.01
06/05/1999,16.02
07/05/1999,15.86
10/05/1999,15.92
11/05/1999,15.23
12/05/1999,14.77
13/05/1999,15.26
14/05/1999,15.17
17/05/1999,14.99
18/05/1999,14.32
19/05/1999,14.2
20/05/1999,14.31
21/05/1999,14.67
24/05/1999,14.73
25/05/1999,15.02
26/05/1999,15.07
27/05/1999,14.9
28/05/1999,14.75
01/06/1999,13.99
02/06/1999,14.3
03/06/1999,14.39
04/06/1999,15.43
07/06/1999,16.14
08/06/1999,15.95
09/06/1999,16.25
10/06/1999,15.86
11/06/1999,16.37
14/06/1999,16.03
15/06/1999,16.22
16/06/1999,15.86
17/06/1999,16.18
18/06/1999,15.9
21/06/1999,15.75
22/06/1999,15.67
23/06/1999,16.13
24/06/1999,16.23
25/06/1999,16.31
28/06/1999,16.21
29/06/1999,16.44
30/06/1999,17.18
01/07/1999,17.27
02/07/1999,17.55
05/07/1999,18.34
06/07/1999,18.5
07/07/1999,18.56
08/07/1999,18.68
09/07/1999,19.01
12/07/1999,19.05
13/07/1999,19.57
14/07/1999,19.45
15/07/1999,19.35
16/07/1999,19.76
19/07/1999,19.67
20/07/1999,19.04
21/07/1999,18.86
22/07/1999,19.19
23/07/1999,19.94
26/07/1999,19.8
27/07/1999,19.29
28/07/1999,19.58
29/07/1999,20.05
30/07/1999,19.5
02/08/1999,19.31
03/08/1999,19.33
04/08/1999,19.54
05/08/1999,19.7
06/08/1999,19.95
09/08/1999,19.37
10/08/1999,20.27
11/08/1999,20.39
12/08/1999,20.33
13/08/1999,20.55
16/08/1999,20.68
17/08/1999,20.83
18/08/1999,20.64
19/08/1999,20.94
20/08/1999,21.1
23/08/1999,20.9
24/08/1999,20.48
25/08/1999,19.51
26/08/1999,20.29
27/08/1999,20.56
31/08/1999,21.07
01/09/1999,20.8
02/09/1999,20.5
03/09/1999,20.88
06/09/1999,21.14
07/09/1999,21.74
08/09/1999,22.03
09/09/1999,22.66
10/09/1999,22.74
13/09/1999,23.01
14/09/1999,22.98
15/09/1999,22.94
16/09/1999,22.81
17/09/1999,22.85
20/09/1999,22.49
21/09/1999,22.53
22/09/1999,22.55
23/09/1999,23.47
24/09/1999,23.56
27/09/1999,23.62
28/09/1999,23.13
29/09/1999,23.18
30/09/1999,22.9
01/10/1999,22.91
04/10/1999,23.13
05/10/1999,23.14
06/10/1999,22.98
07/10/1999,22.33
08/10/1999,20.94
11/10/1999,21.29
12/10/1999,22.07
13/10/1999,22.5
14/10/1999,21.88
15/10/1999,22.37
18/10/1999,21.47
19/10/1999,21.04
20/10/1999,21.41
21/10/1999,21.56
22/10/1999,22.55
25/10/1999,22.3
26/10/1999,22.11
27/10/1999,22.01
28/10/1999,20.85
29/10/1999,21.16
01/11/1999,21.29
02/11/1999,22.17
03/11/1999,22.54
04/11/1999,22.68
05/11/1999,22.65
08/11/1999,23.66
09/11/1999,24.49
10/11/1999,25.72
11/11/1999,24.96
12/11/1999,25.46
15/11/1999,26
16/11/1999,24.94
17/11/1999,24.87
18/11/1999,24.77
19/11/1999,25.25
22/11/1999,25.87
23/11/1999,25.76
24/11/1999,25.77
25/11/1999,25.94
26/11/1999,25.85
29/11/1999,25.66
30/11/1999,24.86
01/12/1999,24.35
02/12/1999,25.62
03/12/1999,26.02
06/12/1999,26.62
07/12/1999,26.17
08/12/1999,25.58
09/12/1999,25.85
10/12/1999,24.3
13/12/1999,24.3
14/12/1999,24.89
15/12/1999,25.64
16/12/1999,26.39
17/12/1999,26.52
20/12/1999,25.83
21/12/1999,25.63
22/12/1999,25.15
23/12/1999,25.17
24/12/1999,25.79
29/12/1999,25.63
30/12/1999,24.93
04/01/2000,24.4
05/01/2000,23.65
06/01/2000,23.54
07/01/2000,22.95
10/01/2000,22.8
11/01/2000,24.04
12/01/2000,24.73
13/01/2000,24.81
14/01/2000,25.5
17/01/2000,25.94
18/01/2000,26.41
19/01/2000,26.28
20/01/2000,26.48
21/01/2000,27.16
24/01/2000,27.02
25/01/2000,27.6
26/01/2000,26.66
27/01/2000,26.44
28/01/2000,26.6
31/01/2000,27.08
01/02/2000,27.35
02/02/2000,26.86
03/02/2000,27.88
04/02/2000,27.86
07/02/2000,27.69
08/02/2000,27.04
09/02/2000,27
10/02/2000,27.34
11/02/2000,27.78
14/02/2000,28.03
15/02/2000,28.05
16/02/2000,28.25
17/02/2000,27.58
18/02/2000,27.26
21/02/2000,26.91
22/02/2000,27.54
23/02/2000,28.01
24/02/2000,28.26
25/02/2000,28.93
28/02/2000,28.85
29/02/2000,29.03
01/03/2000,29.98
02/03/2000,30.17
03/03/2000,29.62
06/03/2000,30.08
07/03/2000,32.2
08/03/2000,29.07
09/03/2000,29.59
10/03/2000,28.97
13/03/2000,29.22
14/03/2000,28.9
15/03/2000,27.57
16/03/2000,28.14
17/03/2000,27.04
20/03/2000,25.59
21/03/2000,24.78
22/03/2000,24.99
23/03/2000,25.07
24/03/2000,26.16
27/03/2000,24.97
28/03/2000,24.09
29/03/2000,23.03
30/03/2000,24.12
31/03/2000,24.25
03/04/2000,24.62
04/04/2000,22.99
05/04/2000,23.09
06/04/2000,22.37
07/04/2000,21.68
10/04/2000,20.61
11/04/2000,20.96
12/04/2000,22.26
13/04/2000,22.1
14/04/2000,22.15
17/04/2000,22.14
18/04/2000,22.69
19/04/2000,23.53
20/04/2000,23.62
25/04/2000,23.39
26/04/2000,22.74
27/04/2000,23.14
28/04/2000,23.7
02/05/2000,24.88
03/05/2000,25.12
04/05/2000,24.98
05/05/2000,24.9
08/05/2000,26.33
09/05/2000,26.98
10/05/2000,26.7
11/05/2000,27.38
12/05/2000,27.73
15/05/2000,28.37
16/05/2000,28.79
17/05/2000,28.34
18/05/2000,29.06
19/05/2000,28.74
22/05/2000,27.84
23/05/2000,28.08
24/05/2000,29.08
25/05/2000,29.97
26/05/2000,30.09
30/05/2000,29.81
31/05/2000,29.39
01/06/2000,29.88
02/06/2000,29.07
05/06/2000,28.34
06/06/2000,28.32
07/06/2000,28.53
08/06/2000,29.07
09/06/2000,28.84
12/06/2000,29.8
13/06/2000,30.14
14/06/2000,30.05
15/06/2000,29.91
16/06/2000,27.96
19/06/2000,27.87
20/06/2000,29.4
21/06/2000,30.01
22/06/2000,30.45
23/06/2000,31.02
26/06/2000,30.67
27/06/2000,31.02
28/06/2000,30.89
29/06/2000,31.55
30/06/2000,31.9
03/07/2000,32.2
04/07/2000,30.72
05/07/2000,30.13
06/07/2000,30.51
07/07/2000,30.75
10/07/2000,30.41
11/07/2000,30.03
12/07/2000,30.85
13/07/2000,31.25
14/07/2000,30.92
17/07/2000,28.49
18/07/2000,29.09
19/07/2000,28.29
20/07/2000,27.73
21/07/2000,27.03
24/07/2000,26.08
25/07/2000,25.81
26/07/2000,25.69
27/07/2000,25.61
28/07/2000,25.86
31/07/2000,25.28
01/08/2000,26.29
02/08/2000,26.78
03/08/2000,26.99
04/08/2000,27.98
07/08/2000,27.28
08/08/2000,27.56
09/08/2000,28.32
10/08/2000,29.16
11/08/2000,29.28
14/08/2000,29.56
15/08/2000,29.71
16/08/2000,29.69
17/08/2000,30.48
18/08/2000,30.86
21/08/2000,30.93
22/08/2000,30.7
23/08/2000,32.99
24/08/2000,31.6
25/08/2000,33.24
29/08/2000,34.38
30/08/2000,34.56
31/08/2000,35.08
01/09/2000,35.09
04/09/2000,36.05
05/09/2000,36.02
06/09/2000,37.04
07/09/2000,37.43
08/09/2000,35.65
11/09/2000,36.87
12/09/2000,31.82
13/09/2000,30.76
14/09/2000,31.97
15/09/2000,33.68
18/09/2000,34.28
19/09/2000,33.16
20/09/2000,33.13
21/09/2000,32.18
22/09/2000,30.85
25/09/2000,29.75
26/09/2000,29.86
27/09/2000,29.64
28/09/2000,28.5
29/09/2000,28.18
02/10/2000,30.7
03/10/2000,30.75
04/10/2000,30.12
05/10/2000,29.13
06/10/2000,29.6
09/10/2000,29.76
10/10/2000,30.99
11/10/2000,31.17
12/10/2000,33.85
13/10/2000,33.56
16/10/2000,31.79
17/10/2000,30.78
18/10/2000,30.62
19/10/2000,30.83
20/10/2000,30.38
23/10/2000,31.28
24/10/2000,31.77
25/10/2000,31.08
26/10/2000,31.63
27/10/2000,31.21
30/10/2000,30.92
31/10/2000,30.26
01/11/2000,31.39
02/11/2000,30.94
03/11/2000,30.67
06/11/2000,30.95
07/11/2000,31.6
08/11/2000,31.23
09/11/2000,31.76
10/11/2000,32.35
13/11/2000,32.85
14/11/2000,33.04
15/11/2000,34.03
16/11/2000,34.14
17/11/2000,33.17
20/11/2000,33.4
21/11/2000,33.35
22/11/2000,33.08
23/11/2000,33.32
24/11/2000,33.34
27/11/2000,33.37
28/11/2000,32.63
29/11/2000,32.53
30/11/2000,32.52
01/12/2000,31.26
04/12/2000,29.54
05/12/2000,28.73
06/12/2000,27.57
07/12/2000,27.45
08/12/2000,26.5
11/12/2000,27.18
12/12/2000,26.88
13/12/2000,26.53
14/12/2000,24.21
15/12/2000,24.41
18/12/2000,24.76
19/12/2000,24.31
20/12/2000,23.3
21/12/2000,22.39
22/12/2000,22.23
27/12/2000,22.58
28/12/2000,22.39
29/12/2000,22.58
02/01/2001,23.43
03/01/2001,23.75
04/01/2001,24.63
05/01/2001,24.67
08/01/2001,25.15
09/01/2001,24.03
10/01/2001,24.91
11/01/2001,25.67
12/01/2001,25.65
15/01/2001,26.08
16/01/2001,25.45
17/01/2001,24.22
18/01/2001,24.95
19/01/2001,26.62
22/01/2001,27.89
23/01/2001,27.19
24/01/2001,27.36
25/01/2001,26.58
26/01/2001,27.21
29/01/2001,26.59
30/01/2001,26.47
31/01/2001,26.74
01/02/2001,27.75
02/02/2001,29.5
05/02/2001,29
06/02/2001,29.1
07/02/2001,29.7
08/02/2001,30.78
09/02/2001,29.45
12/02/2001,29.32
13/02/2001,27.56
14/02/2001,27.76
15/02/2001,26.28
16/02/2001,26.61
19/02/2001,27.05
20/02/2001,26.41
21/02/2001,25.79
22/02/2001,25.67
23/02/2001,26.15
26/02/2001,25.68
27/02/2001,25.38
28/02/2001,25.15
01/03/2001,24.81
02/03/2001,25.47
05/03/2001,25.99
06/03/2001,25.67
07/03/2001,26.04
08/03/2001,26.31
09/03/2001,25.64
12/03/2001,25.44
13/03/2001,24.82
14/03/2001,23.89
15/03/2001,23.35
16/03/2001,24.14
19/03/2001,23.12
20/03/2001,23.63
21/03/2001,23.2
22/03/2001,23.53
23/03/2001,23.83
26/03/2001,24.03
27/03/2001,24.43
28/03/2001,24.35
29/03/2001,23.79
30/03/2001,23.65
02/04/2001,23.5
03/04/2001,23.5
04/04/2001,24.29
05/04/2001,25.04
06/04/2001,24
09/04/2001,24.38
10/04/2001,26.03
11/04/2001,26.09
12/04/2001,27.11
17/04/2001,26.94
18/04/2001,26.15
19/04/2001,25.96
20/04/2001,25.59
23/04/2001,25.53
24/04/2001,25.73
25/04/2001,25.5
26/04/2001,26.85
27/04/2001,26.81
30/04/2001,27.04
01/05/2001,27.28
02/05/2001,26.86
03/05/2001,27.46
04/05/2001,27.64
08/05/2001,27.54
09/05/2001,27.4
10/05/2001,28.45
11/05/2001,27.95
14/05/2001,27.76
15/05/2001,27.95
16/05/2001,28.29
17/05/2001,28.56
18/05/2001,29.44
21/05/2001,29.74
22/05/2001,29.72
23/05/2001,29.57
24/05/2001,28.54
25/05/2001,28.48
29/05/2001,29.11
30/05/2001,29.05
31/05/2001,28.62
01/06/2001,28.73
04/06/2001,29.08
05/06/2001,29.19
06/06/2001,28.76
07/06/2001,28.46
08/06/2001,28.86
11/06/2001,29.59
12/06/2001,29.09
13/06/2001,29.05
14/06/2001,28.39
15/06/2001,28.09
18/06/2001,27.21
19/06/2001,26.76
20/06/2001,26.06
21/06/2001,26.86
22/06/2001,26.72
25/06/2001,27.57
26/06/2001,27.65
27/06/2001,25.85
28/06/2001,25.55
29/06/2001,26.33
02/07/2001,25.67
03/07/2001,25.55
04/07/2001,25.97
05/07/2001,25.8
06/07/2001,26.47
09/07/2001,25.65
10/07/2001,24.74
11/07/2001,24.49
12/07/2001,23.7
13/07/2001,23.97
16/07/2001,23.53
17/07/2001,23.94
18/07/2001,23.17
19/07/2001,23.2
20/07/2001,23.32
23/07/2001,24.42
24/07/2001,24.39
25/07/2001,24.86
26/07/2001,24.92
27/07/2001,24.69
30/07/2001,24.46
31/07/2001,24.43
01/08/2001,24.26
02/08/2001,25.58
03/08/2001,25.52
06/08/2001,25.4
07/08/2001,26.01
08/08/2001,25.6
09/08/2001,25.24
10/08/2001,25.9
13/08/2001,25.89
14/08/2001,25.68
15/08/2001,25.56
16/08/2001,25.18
17/08/2001,24.59
20/08/2001,24.91
21/08/2001,25.44
22/08/2001,26.01
23/08/2001,25.69
24/08/2001,26.32
28/08/2001,26.43
29/08/2001,26.58
30/08/2001,26.65
31/08/2001,26.8
03/09/2001,26.52
04/09/2001,26.24
05/09/2001,26.26
06/09/2001,26.76
07/09/2001,27.48
10/09/2001,27.57
11/09/2001,28.87
12/09/2001,28.24
13/09/2001,27.98
14/09/2001,30.91
17/09/2001,27.72
18/09/2001,26.81
19/09/2001,25.88
20/09/2001,25.25
21/09/2001,24.83
24/09/2001,20.59
25/09/2001,20.93
26/09/2001,21.68
27/09/2001,21.42
28/09/2001,21.95
01/10/2001,21.52
02/10/2001,20.79
03/10/2001,20.41
04/10/2001,21.09
05/10/2001,20.59
08/10/2001,20.48
09/10/2001,20.6
10/10/2001,20.75
11/10/2001,21.66
12/10/2001,20.46
15/10/2001,20.33
16/10/2001,20.26
17/10/2001,19.46
18/10/2001,19.17
19/10/2001,20.32
22/10/2001,20.04
23/10/2001,20.15
24/10/2001,20.48
25/10/2001,20.19
26/10/2001,20.33
29/10/2001,20.38
30/10/2001,20.24
31/10/2001,19.83
01/11/2001,19.04
02/11/2001,19.16
05/11/2001,18.95
06/11/2001,18.59
07/11/2001,18.86
08/11/2001,19.86
09/11/2001,20.95
12/11/2001,19.97
13/11/2001,20.18
14/11/2001,17.95
15/11/2001,17
16/11/2001,17.68
19/11/2001,17.76
20/11/2001,18.53
21/11/2001,18.5
26/11/2001,18.61
27/11/2001,19.18
28/11/2001,18.91
29/11/2001,18.52
30/11/2001,18.34
03/12/2001,19.48
04/12/2001,19.06
05/12/2001,18.89
06/12/2001,18.12
07/12/2001,18.84
10/12/2001,17.78
11/12/2001,17.48
12/12/2001,17.89
13/12/2001,17.83
14/12/2001,19.59
17/12/2001,18.36
18/12/2001,18.61
19/12/2001,18.81
20/12/2001,18.45
21/12/2001,18.78
24/12/2001,18.65
27/12/2001,19.74
28/12/2001,19.77
31/12/2001,19.35
02/01/2002,20.46
03/01/2002,20.14
04/01/2002,21.65
07/01/2002,21.1
08/01/2002,21.09
09/01/2002,19.99
10/01/2002,20.2
11/01/2002,19.2
14/01/2002,18.71
15/01/2002,18.25
16/01/2002,18.79
17/01/2002,18.32
18/01/2002,18.17
22/01/2002,18.64
23/01/2002,18.89
24/01/2002,19.34
25/01/2002,19.78
28/01/2002,19.78
29/01/2002,19.04
30/01/2002,18.71
31/01/2002,19.58
01/02/2002,21.03
04/02/2002,20.04
05/02/2002,19.91
06/02/2002,19.53
07/02/2002,19.42
08/02/2002,20.7
11/02/2002,20.1
12/02/2002,21
13/02/2002,21.52
14/02/2002,20.96
15/02/2002,20.76
18/02/2002,20.12
19/02/2002,20.04
20/02/2002,19.79
21/02/2002,19.96
22/02/2002,20.12
25/02/2002,19.63
26/02/2002,20.55
27/02/2002,20.63
28/02/2002,21.06
01/03/2002,22.22
04/03/2002,21.71
05/03/2002,22.36
06/03/2002,22.11
07/03/2002,22.64
08/03/2002,22.86
11/03/2002,23.16
12/03/2002,23.7
13/03/2002,23.26
14/03/2002,23.95
15/03/2002,23.8
18/03/2002,23.8
19/03/2002,24.4
20/03/2002,24.12
21/03/2002,24.83
22/03/2002,24.77
25/03/2002,24.91
26/03/2002,25.23
27/03/2002,25.07
28/03/2002,25.16
02/04/2002,26.92
03/04/2002,26.81
04/04/2002,26.74
05/04/2002,25.39
08/04/2002,26.03
09/04/2002,25.24
10/04/2002,24.8
11/04/2002,23.98
12/04/2002,22.64
15/04/2002,23.31
16/04/2002,24.03
17/04/2002,25.26
18/04/2002,25.65
19/04/2002,26.24
22/04/2002,26.55
23/04/2002,26.26
24/04/2002,26.2
25/04/2002,26.05
26/04/2002,26.61
29/04/2002,26.85
30/04/2002,26.76
01/05/2002,26.75
02/05/2002,25.73
03/05/2002,26.32
07/05/2002,26.2
08/05/2002,26.24
09/05/2002,26.46
10/05/2002,26.59
13/05/2002,26.94
14/05/2002,27.12
15/05/2002,25.96
16/05/2002,26.25
17/05/2002,25.74
20/05/2002,25.16
21/05/2002,24.22
22/05/2002,24.28
23/05/2002,23.96
24/05/2002,23.73
28/05/2002,24.03
29/05/2002,24.18
30/05/2002,23.7
31/05/2002,23.89
05/06/2002,23.19
06/06/2002,23.2
07/06/2002,22.98
10/06/2002,22.66
11/06/2002,22.81
12/06/2002,23.01
13/06/2002,23.72
14/06/2002,23.97
17/06/2002,24.45
18/06/2002,24.61
19/06/2002,24.4
20/06/2002,24.82
21/06/2002,24.41
24/06/2002,24.53
25/06/2002,25.23
26/06/2002,25.11
27/06/2002,25.43
28/06/2002,25.54
01/07/2002,25.51
02/07/2002,25.72
03/07/2002,25.84
05/07/2002,25.75
08/07/2002,25.12
09/07/2002,25.45
10/07/2002,25.82
11/07/2002,25.94
12/07/2002,26.25
15/07/2002,26.4
16/07/2002,26.13
17/07/2002,26.19
18/07/2002,26.52
19/07/2002,26.85
22/07/2002,26.36
23/07/2002,25.64
24/07/2002,25.59
25/07/2002,25.31
26/07/2002,25.21
29/07/2002,25.17
30/07/2002,26.31
31/07/2002,25.87
01/08/2002,25.16
02/08/2002,25.76
05/08/2002,25.2
06/08/2002,25.82
07/08/2002,25.41
08/08/2002,25.54
09/08/2002,25.68
12/08/2002,26.34
13/08/2002,26.66
14/08/2002,26.47
15/08/2002,27.25
16/08/2002,27.4
19/08/2002,27.79
20/08/2002,27.35
21/08/2002,27.92
22/08/2002,27.37
23/08/2002,27.56
27/08/2002,27.77
28/08/2002,27.56
29/08/2002,27.5
30/08/2002,27.56
03/09/2002,26.67
04/09/2002,26.72
05/09/2002,27.88
06/09/2002,28.42
09/09/2002,28.67
10/09/2002,28.54
11/09/2002,28.51
12/09/2002,27.82
13/09/2002,28.58
16/09/2002,27.39
17/09/2002,28.16
18/09/2002,28.45
19/09/2002,28.46
20/09/2002,28.5
23/09/2002,29.36
24/09/2002,29.68
25/09/2002,29.14
26/09/2002,28.94
27/09/2002,29.04
30/09/2002,29.07
01/10/2002,29.28
02/10/2002,29.06
03/10/2002,28.39
04/10/2002,28.3
07/10/2002,28.5
08/10/2002,28.31
09/10/2002,28.28
10/10/2002,27.93
11/10/2002,28.21
14/10/2002,28.21
15/10/2002,28.68
16/10/2002,28.66
17/10/2002,28.42
18/10/2002,28.3
21/10/2002,28.08
22/10/2002,26.69
23/10/2002,26.9
24/10/2002,26.78
25/10/2002,25.59
28/10/2002,25.77
29/10/2002,25.46
30/10/2002,25.49
31/10/2002,25.75
01/11/2002,25.39
04/11/2002,25.12
05/11/2002,24.09
06/11/2002,23.79
07/11/2002,23.59
08/11/2002,23.62
11/11/2002,24.06
12/11/2002,24.2
13/11/2002,23.13
14/11/2002,22.98
15/11/2002,23.75
18/11/2002,24.09
19/11/2002,24.05
20/11/2002,24.37
21/11/2002,24.52
22/11/2002,25.32
25/11/2002,24.46
26/11/2002,24.82
27/11/2002,25.57
02/12/2002,26.03
03/12/2002,26
04/12/2002,25.59
05/12/2002,26.12
06/12/2002,25.36
09/12/2002,26.24
10/12/2002,26.82
11/12/2002,26.79
12/12/2002,27.43
13/12/2002,28
16/12/2002,28.91
17/12/2002,29.01
18/12/2002,29.95
19/12/2002,29.58
20/12/2002,30
23/12/2002,31.28
24/12/2002,30.93
27/12/2002,31.74
30/12/2002,31.01
31/12/2002,30.12
02/01/2003,30.9
03/01/2003,31.99
06/01/2003,31.78
07/01/2003,30.75
08/01/2003,30.28
09/01/2003,30.74
10/01/2003,29.95
13/01/2003,30.7
14/01/2003,31.13
15/01/2003,31.55
16/01/2003,31.98
17/01/2003,31.83
21/01/2003,32.06
22/01/2003,31.88
23/01/2003,31.21
24/01/2003,33.12
27/01/2003,30.57
28/01/2003,30.87
29/01/2003,31.44
30/01/2003,31.59
31/01/2003,31.07
03/02/2003,30.52
04/02/2003,31.3
05/02/2003,31.43
06/02/2003,31.85
07/02/2003,33.53
10/02/2003,31.86
11/02/2003,32.6
12/02/2003,32.76
13/02/2003,33.38
14/02/2003,33.51
18/02/2003,33.34
19/02/2003,33.06
20/02/2003,32.16
21/02/2003,32.84
24/02/2003,34.03
25/02/2003,32.82
26/02/2003,34.58
27/02/2003,33.86
28/02/2003,33.87
03/03/2003,33.81
04/03/2003,34.2
05/03/2003,33.97
06/03/2003,34.53
07/03/2003,34.88
10/03/2003,34.27
11/03/2003,33.82
12/03/2003,34.57
13/03/2003,32.54
14/03/2003,29.88
17/03/2003,29.86
18/03/2003,28.38
19/03/2003,27.18
20/03/2003,26.54
21/03/2003,23.99
24/03/2003,27.1
25/03/2003,25.97
26/03/2003,26.57
27/03/2003,28.12
28/03/2003,27.45
31/03/2003,28.31
01/04/2003,26.85
02/04/2003,25.89
03/04/2003,26.45
04/04/2003,24.87
07/04/2003,24.7
08/04/2003,25.08
09/04/2003,25.5
10/04/2003,24.48
11/04/2003,24.81
14/04/2003,24.64
15/04/2003,25.01
16/04/2003,24.86
17/04/2003,25.76
22/04/2003,25.72
23/04/2003,24.47
24/04/2003,24.38
25/04/2003,23.81
28/04/2003,23.42
29/04/2003,23.22
30/04/2003,23.91
01/05/2003,23.87
02/05/2003,23.59
06/05/2003,23.56
07/05/2003,24.13
08/05/2003,24.76
09/05/2003,25.31
12/05/2003,25.39
13/05/2003,26.06
14/05/2003,26.7
15/05/2003,26.47
16/05/2003,27.17
19/05/2003,27.23
20/05/2003,26.95
21/05/2003,27.58
22/05/2003,26.83
23/05/2003,26.78
27/05/2003,26.78
28/05/2003,25.82
29/05/2003,26.49
30/05/2003,26.77
02/06/2003,27.97
03/06/2003,27.99
04/06/2003,27.43
05/06/2003,28.43
06/06/2003,28.62
09/06/2003,28.53
10/06/2003,28.87
11/06/2003,28.86
12/06/2003,28.33
13/06/2003,27.51
16/06/2003,27.18
17/06/2003,26.81
18/06/2003,26.13
19/06/2003,26.53
20/06/2003,26.07
23/06/2003,27.13
24/06/2003,26.6
25/06/2003,27.43
26/06/2003,27.32
27/06/2003,27.5
30/06/2003,28.47
01/07/2003,28.54
02/07/2003,28.14
03/07/2003,28.37
07/07/2003,27.72
08/07/2003,27.88
09/07/2003,28.84
10/07/2003,28.87
11/07/2003,29.17
14/07/2003,28.9
15/07/2003,29.04
16/07/2003,28.75
17/07/2003,28.93
18/07/2003,29.25
21/07/2003,28.76
22/07/2003,27.8
23/07/2003,28.11
24/07/2003,28.35
25/07/2003,28.3
28/07/2003,28.09
29/07/2003,28.18
30/07/2003,28.7
31/07/2003,28.68
01/08/2003,30.21
04/08/2003,29.73
05/08/2003,30.38
06/08/2003,29.92
07/08/2003,30.56
08/08/2003,30.3
11/08/2003,30.08
12/08/2003,30.22
13/08/2003,29.17
14/08/2003,28.96
15/08/2003,29.27
18/08/2003,29.08
19/08/2003,28.95
20/08/2003,29.35
21/08/2003,30.08
22/08/2003,30.17
26/08/2003,30.28
27/08/2003,29.86
28/08/2003,30.01
29/08/2003,29.99
02/09/2003,28.06
03/09/2003,28.22
04/09/2003,27.54
05/09/2003,27.61
08/09/2003,27.54
09/09/2003,27.62
10/09/2003,27.87
11/09/2003,27.12
12/09/2003,26.63
15/09/2003,26.64
16/09/2003,26.29
17/09/2003,25.76
18/09/2003,25.56
19/09/2003,25.37
22/09/2003,25.64
23/09/2003,25.6
24/09/2003,26.87
25/09/2003,27.23
26/09/2003,27.06
29/09/2003,27.33
30/09/2003,28.05
01/10/2003,28.37
02/10/2003,28.84
03/10/2003,29.25
06/10/2003,29.41
07/10/2003,29.56
08/10/2003,29.06
09/10/2003,30.5
10/10/2003,31.25
13/10/2003,31.13
14/10/2003,31.11
15/10/2003,31.11
16/10/2003,30.9
17/10/2003,30.08
20/10/2003,29.48
21/10/2003,29.41
22/10/2003,29.2
23/10/2003,29.78
24/10/2003,29.47
27/10/2003,29.12
28/10/2003,28.86
29/10/2003,27.91
30/10/2003,27.83
31/10/2003,28.22
03/11/2003,27.55
04/11/2003,27.29
05/11/2003,28.49
06/11/2003,28.23
07/11/2003,28.65
10/11/2003,28.87
11/11/2003,28.81
12/11/2003,29.26
13/11/2003,29.53
14/11/2003,29.74
17/11/2003,29.06
18/11/2003,30.45
19/11/2003,29.71
20/11/2003,29.63
21/11/2003,29.53
24/11/2003,28.26
25/11/2003,28.04
26/11/2003,28.62
01/12/2003,28.5
02/12/2003,29.1
03/12/2003,29.69
04/12/2003,28.87
05/12/2003,28.83
08/12/2003,30.24
09/12/2003,30.22
10/12/2003,30.25
11/12/2003,29.99
12/12/2003,30.81
15/12/2003,30.78
16/12/2003,30.88
17/12/2003,31.9
18/12/2003,31.26
19/12/2003,30.57
22/12/2003,28.39
23/12/2003,29.98
24/12/2003,29.46
29/12/2003,29.62
30/12/2003,30.03
31/12/2003,30.3
05/01/2004,30.44
06/01/2004,30.95
07/01/2004,31.03
08/01/2004,31.97
09/01/2004,31.76
12/01/2004,32.56
13/01/2004,31.94
14/01/2004,31.74
15/01/2004,31.18
16/01/2004,31.75
20/01/2004,32.31
21/01/2004,32.49
22/01/2004,31.62
23/01/2004,31.95
26/01/2004,31.33
27/01/2004,30.7
28/01/2004,30.29
29/01/2004,29.84
30/01/2004,29.68
02/02/2004,30.66
03/02/2004,29.03
04/02/2004,29.14
05/02/2004,29.66
06/02/2004,28.64
09/02/2004,29.44
10/02/2004,30.45
11/02/2004,30.33
12/02/2004,30.4
13/02/2004,31.05
17/02/2004,31.53
18/02/2004,31.43
19/02/2004,31.47
20/02/2004,31.4
23/02/2004,31.66
24/02/2004,31.75
25/02/2004,32.59
26/02/2004,32.5
27/02/2004,33.25
01/03/2004,34.45
02/03/2004,34.05
03/03/2004,33.25
04/03/2004,34.05
05/03/2004,34.32
08/03/2004,33.85
09/03/2004,33.25
10/03/2004,33.17
11/03/2004,33.87
12/03/2004,33.36
15/03/2004,34.9
16/03/2004,34.66
17/03/2004,34.64
18/03/2004,34.28
19/03/2004,34.5
22/03/2004,34.4
23/03/2004,34.61
24/03/2004,34.01
25/03/2004,32.82
26/03/2004,32.87
29/03/2004,32.42
30/03/2004,33.24
31/03/2004,32.38
01/04/2004,32.54
02/04/2004,31.18
05/04/2004,31.26
06/04/2004,32.15
07/04/2004,33.24
08/04/2004,34.03
13/04/2004,33.73
14/04/2004,33.62
15/04/2004,34.3
16/04/2004,34.1
19/04/2004,33.86
20/04/2004,33.29
21/04/2004,33.1
22/04/2004,33.89
23/04/2004,33.22
26/04/2004,33.75
27/04/2004,34.54
28/04/2004,34.31
29/04/2004,35.09
30/04/2004,34.7
04/05/2004,36.29
05/05/2004,37.21
06/05/2004,37.16
07/05/2004,37.47
10/05/2004,36.31
11/05/2004,37.75
12/05/2004,38.43
13/05/2004,38.78
14/05/2004,39.17
17/05/2004,38.95
18/05/2004,37.78
19/05/2004,39.02
20/05/2004,38.12
21/05/2004,37.61
24/05/2004,38.71
25/05/2004,37.48
26/05/2004,37.42
27/05/2004,36.37
28/05/2004,36.87
01/06/2004,39.4
02/06/2004,36.98
03/06/2004,36.44
04/06/2004,35.69
07/06/2004,35.77
08/06/2004,34.9
09/06/2004,35.46
10/06/2004,35.69
14/06/2004,35.23
15/06/2004,35.02
16/06/2004,35.23
17/06/2004,36.22
18/06/2004,35.66
21/06/2004,34.48
22/06/2004,35.15
23/06/2004,34.28
24/06/2004,34.7
25/06/2004,34.37
28/06/2004,33.03
29/06/2004,32.37
30/06/2004,33.97
01/07/2004,35.65
02/07/2004,35.36
06/07/2004,36.55
07/07/2004,36.5
08/07/2004,37.75
09/07/2004,37.4
12/07/2004,36.87
13/07/2004,36.65
14/07/2004,38.24
15/07/2004,38.99
16/07/2004,38.81
19/07/2004,39.13
20/07/2004,38.24
21/07/2004,38.6
22/07/2004,39.4
23/07/2004,39.57
26/07/2004,39.52
27/07/2004,40.04
28/07/2004,41.17
29/07/2004,41.23
30/07/2004,41.74
02/08/2004,41.34
03/08/2004,41.93
04/08/2004,40.92
05/08/2004,42.45
06/08/2004,42.22
09/08/2004,42.91
10/08/2004,42.49
11/08/2004,42.81
12/08/2004,43.44
13/08/2004,44.85
16/08/2004,45
17/08/2004,44.1
18/08/2004,44.12
19/08/2004,45.61
20/08/2004,44.6
23/08/2004,44.2
24/08/2004,42.95
25/08/2004,41.39
26/08/2004,40.62
27/08/2004,40.76
31/08/2004,39.63
01/09/2004,41.39
02/09/2004,42.17
03/09/2004,40.9
07/09/2004,40.62
08/09/2004,40.04
09/09/2004,41.86
10/09/2004,39.66
13/09/2004,40.41
14/09/2004,41.61
15/09/2004,42.03
16/09/2004,41.96
17/09/2004,43.4
20/09/2004,44.2
21/09/2004,44.42
22/09/2004,45.41
23/09/2004,46.03
24/09/2004,46.43
27/09/2004,47.2
28/09/2004,47.6
29/09/2004,47.2
30/09/2004,47.31
01/10/2004,46.72
04/10/2004,47.09
05/10/2004,47.09
06/10/2004,48.12
07/10/2004,48.88
08/10/2004,50.12
11/10/2004,51.27
12/10/2004,52.08
13/10/2004,50.42
14/10/2004,51.31
15/10/2004,51.12
18/10/2004,49.13
19/10/2004,49.35
20/10/2004,50.98
21/10/2004,52
22/10/2004,51.95
25/10/2004,51.19
26/10/2004,50.86
27/10/2004,49.08
28/10/2004,49.02
29/10/2004,48.71
01/11/2004,46.84
02/11/2004,46.05
03/11/2004,46.29
04/11/2004,45.32
05/11/2004,45.12
08/11/2004,44.64
09/11/2004,44.79
10/11/2004,42.57
11/11/2004,42.22
12/11/2004,41.09
15/11/2004,39.32
16/11/2004,41.07
17/11/2004,40.37
18/11/2004,40.57
19/11/2004,42.64
22/11/2004,42.26
23/11/2004,42.25
24/11/2004,42.62
29/11/2004,44.05
30/11/2004,44.23
01/12/2004,44.03
02/12/2004,38.49
03/12/2004,37.78
06/12/2004,38.43
07/12/2004,37.11
08/12/2004,36.9
09/12/2004,38.31
10/12/2004,36.29
13/12/2004,36.19
14/12/2004,37.03
15/12/2004,41.53
16/12/2004,41.49
17/12/2004,43.45
20/12/2004,42.97
21/12/2004,42.89
22/12/2004,40.44
23/12/2004,40.29
29/12/2004,38.93
30/12/2004,39.79
04/01/2005,39.15
05/01/2005,40.86
06/01/2005,43.25
07/01/2005,43.11
10/01/2005,44.71
11/01/2005,43.45
12/01/2005,43.75
13/01/2005,44.42
14/01/2005,45.56
18/01/2005,46.08
19/01/2005,45.29
20/01/2005,44.36
21/01/2005,45.88
24/01/2005,45.93
25/01/2005,46.48
26/01/2005,46.42
27/01/2005,45.9
28/01/2005,45.11
31/01/2005,45.69
01/02/2005,44.54
02/02/2005,43.73
03/02/2005,43.58
04/02/2005,43.47
07/02/2005,42.66
08/02/2005,42.81
09/02/2005,43.08
10/02/2005,44.27
11/02/2005,44.41
14/02/2005,44.86
15/02/2005,44.91
16/02/2005,45.91
17/02/2005,45.38
18/02/2005,45.66
22/02/2005,47.93
23/02/2005,48.11
24/02/2005,49.295
25/02/2005,49.93
28/02/2005,50.32
01/03/2005,50.41
02/03/2005,51.55
03/03/2005,52.24
04/03/2005,52.1
07/03/2005,52.2
08/03/2005,53.01
09/03/2005,53.15
10/03/2005,52.13
11/03/2005,53.28
14/03/2005,53.8
15/03/2005,53.88
16/03/2005,55.42
17/03/2005,55.24
18/03/2005,56.12
21/03/2005,55.36
22/03/2005,54.34
23/03/2005,51.37
24/03/2005,52.3
29/03/2005,51.78
30/03/2005,51.8
31/03/2005,53.13
01/04/2005,55.11
04/04/2005,54.69
05/04/2005,53.84
06/04/2005,54.32
07/04/2005,52.51
08/04/2005,52.07
11/04/2005,52.49
12/04/2005,50.64
13/04/2005,49.79
14/04/2005,50.67
15/04/2005,49.6
18/04/2005,48.86
19/04/2005,50.92
20/04/2005,51.59
21/04/2005,52.59
22/04/2005,53.12
25/04/2005,52.18
26/04/2005,52.32
27/04/2005,50.205
28/04/2005,50.97
29/04/2005,49.08
03/05/2005,49.26
04/05/2005,50.45
05/05/2005,50.62
06/05/2005,49.76
09/05/2005,50.36
10/05/2005,50.16
11/05/2005,48.54
12/05/2005,46.75
13/05/2005,46.89
16/05/2005,47.68
17/05/2005,48.19
18/05/2005,46.59
19/05/2005,47.17
20/05/2005,47.02
23/05/2005,47.1
24/05/2005,47.8
25/05/2005,48.94
26/05/2005,49.24
27/05/2005,49.42
31/05/2005,49.73
01/06/2005,51.47
02/06/2005,50.98
03/06/2005,51.9
06/06/2005,52.5
07/06/2005,51.75
08/06/2005,50.875
09/06/2005,52.785
10/06/2005,51.98
13/06/2005,53.7
14/06/2005,52.98
15/06/2005,53.94
16/06/2005,54.73
17/06/2005,57.23
20/06/2005,57.41
21/06/2005,56.56
22/06/2005,56
23/06/2005,57.58
24/06/2005,57.21
27/06/2005,58.28
28/06/2005,56.56
29/06/2005,55.36
30/06/2005,54.9
01/07/2005,56.41
04/07/2005,57.13
05/07/2005,57.8
06/07/2005,59.29
07/07/2005,58.45
08/07/2005,59
11/07/2005,57.19
12/07/2005,58.92
13/07/2005,57.66
14/07/2005,56.67
15/07/2005,56.98
18/07/2005,56.56
19/07/2005,57.32
20/07/2005,56.31
21/07/2005,55.81
22/07/2005,56.98
25/07/2005,57.79
26/07/2005,57.83
27/07/2005,58.04
28/07/2005,59.45
29/07/2005,59.77
01/08/2005,60.42
02/08/2005,60.65
03/08/2005,59.54
04/08/2005,60.7
05/08/2005,60.73
08/08/2005,63.46
09/08/2005,62.44
10/08/2005,64.46
11/08/2005,66.13
12/08/2005,67.26
15/08/2005,66.79
16/08/2005,65.23
17/08/2005,62.23
18/08/2005,62.95
19/08/2005,64.21
22/08/2005,64.82
23/08/2005,65.64
24/08/2005,66.6
25/08/2005,66.17
26/08/2005,66.23
30/08/2005,67.575
31/08/2005,66.27
01/09/2005,67.26
02/09/2005,64.625
05/09/2005,64.16
06/09/2005,63.61
07/09/2005,62.75
08/09/2005,62.58
09/09/2005,62.62
12/09/2005,60.92
13/09/2005,61.19
14/09/2005,62.73
15/09/2005,61.42
16/09/2005,60.48
19/09/2005,64.22
20/09/2005,64.26
21/09/2005,64.5
22/09/2005,63.93
23/09/2005,62.17
26/09/2005,63.2
27/09/2005,62.13
28/09/2005,62.63
29/09/2005,62.09
30/09/2005,61.7
03/10/2005,61.26
04/10/2005,60.2
05/10/2005,58.63
06/10/2005,57.39
07/10/2005,57.285
10/10/2005,58.33
11/10/2005,59.03
12/10/2005,60.19
13/10/2005,59.86
14/10/2005,58.45
17/10/2005,60.15
18/10/2005,58.76
19/10/2005,58.37
20/10/2005,57.52
21/10/2005,56.94
24/10/2005,57.84
25/10/2005,59.7
26/10/2005,58.39
27/10/2005,58.48
28/10/2005,59.47
31/10/2005,58.21
01/11/2005,58.67
02/11/2005,59.19
03/11/2005,61.31
04/11/2005,59.65
07/11/2005,58.53
08/11/2005,58.16
09/11/2005,56.8
10/11/2005,56.06
11/11/2005,54.51
14/11/2005,54.41
15/11/2005,53.58
16/11/2005,54.15
17/11/2005,53.36
18/11/2005,52.84
21/11/2005,53.51
22/11/2005,54.76
23/11/2005,53.73
24/11/2005,53.41
25/11/2005,53.15
28/11/2005,53.45
29/11/2005,52.16
30/11/2005,53.89
01/12/2005,54.57
02/12/2005,54.91
05/12/2005,55.83
06/12/2005,55.83
07/12/2005,55.27
08/12/2005,57.89
09/12/2005,57.18
12/12/2005,59
13/12/2005,58.84
14/12/2005,59.35
15/12/2005,59.37
16/12/2005,58.11
19/12/2005,56.23
20/12/2005,56.05
21/12/2005,56.05
22/12/2005,56.715
23/12/2005,56.27
28/12/2005,57.49
29/12/2005,58.15
30/12/2005,59.52
03/01/2006,61.285
04/01/2006,61.97
05/01/2006,61.31
06/01/2006,62.43
09/01/2006,62.04
10/01/2006,62.11
11/01/2006,62.1
12/01/2006,62.4
13/01/2006,61.91
16/01/2006,62.04
17/01/2006,64.6
18/01/2006,63.19
19/01/2006,64.23
20/01/2006,64.92
23/01/2006,64.07
24/01/2006,63.27
25/01/2006,62.38
26/01/2006,64.45
27/01/2006,64.95
30/01/2006,66.04
31/01/2006,65.19
01/02/2006,64.78
02/02/2006,62.67
03/02/2006,62.54
06/02/2006,62.37
07/02/2006,60.53
08/02/2006,59.93
09/02/2006,60.13
10/02/2006,59.66
13/02/2006,58.64
14/02/2006,57.68
15/02/2006,56.72
16/02/2006,58.14
17/02/2006,58.41
20/02/2006,59.86
21/02/2006,59.3
22/02/2006,58.28
23/02/2006,59
24/02/2006,60.13
27/02/2006,59.07
28/02/2006,60.66
01/03/2006,61.24
02/03/2006,63.26
03/03/2006,62.69
06/03/2006,60.53
07/03/2006,59.42
08/03/2006,59.2
09/03/2006,59.7
10/03/2006,59.04
13/03/2006,62.01
14/03/2006,63.32
15/03/2006,62.34
16/03/2006,63.73
17/03/2006,62.97
20/03/2006,60.43
21/03/2006,60.95
22/03/2006,61
23/03/2006,62.53
24/03/2006,62.85
27/03/2006,62.89
28/03/2006,64.72
29/03/2006,65.37
30/03/2006,66.31
31/03/2006,66.08
03/04/2006,66.38
04/04/2006,66.38
05/04/2006,67.18
06/04/2006,67.41
07/04/2006,67.315
10/04/2006,68.92
11/04/2006,69.26
12/04/2006,68.88
13/04/2006,70.225
18/04/2006,72.11
19/04/2006,73.3
20/04/2006,72.79
21/04/2006,74.74
24/04/2006,73.09
25/04/2006,73.4
26/04/2006,72.25
27/04/2006,71.015
28/04/2006,72.04
02/05/2006,75.12
03/05/2006,72.68
04/05/2006,71.25
05/05/2006,70.55
08/05/2006,69.67
09/05/2006,70.39
10/05/2006,71.41
11/05/2006,71.78
12/05/2006,70.98
15/05/2006,68.07
16/05/2006,68.33
17/05/2006,66.82
18/05/2006,68.4
19/05/2006,66.99
22/05/2006,67.83
23/05/2006,68.85
24/05/2006,67.23
25/05/2006,69.63
26/05/2006,69.47
30/05/2006,69.49
31/05/2006,68.54
01/06/2006,67.71
02/06/2006,70.1
05/06/2006,69.1
06/06/2006,68.53
07/06/2006,66.65
08/06/2006,67.86
09/06/2006,69.3
12/06/2006,67.94
13/06/2006,65.55
14/06/2006,65.85
15/06/2006,66.26
16/06/2006,66.5
19/06/2006,67
20/06/2006,67
21/06/2006,68.93
22/06/2006,69.98
23/06/2006,69.62
26/06/2006,70.68
27/06/2006,71.14
28/06/2006,71.92
29/06/2006,73.07
30/06/2006,73.39
03/07/2006,73.36
04/07/2006,73.17
05/07/2006,73.7
06/07/2006,73.52
07/07/2006,72.51
10/07/2006,71.99
11/07/2006,72.8
12/07/2006,74.14
13/07/2006,77.46
14/07/2006,75.9
17/07/2006,74.66
18/07/2006,73.47
19/07/2006,72.54
20/07/2006,72.63
21/07/2006,73.01
24/07/2006,73.84
25/07/2006,72.72
26/07/2006,73.8
27/07/2006,75.315
28/07/2006,73.77
31/07/2006,75.89
01/08/2006,76.28
02/08/2006,77.14
03/08/2006,76.79
04/08/2006,76.16
07/08/2006,78.18
08/08/2006,77.83
09/08/2006,77.31
10/08/2006,75.1
11/08/2006,75.39
14/08/2006,73.97
15/08/2006,72.97
16/08/2006,72.04
17/08/2006,70.66
18/08/2006,71.36
21/08/2006,72.36
22/08/2006,71.85
23/08/2006,70.37
24/08/2006,71.985
25/08/2006,71.595
29/08/2006,66.99
30/08/2006,68.81
31/08/2006,68.255
01/09/2006,70.06
04/09/2006,68.62
05/09/2006,66.02
06/09/2006,65.03
07/09/2006,64.83
08/09/2006,63.47
11/09/2006,62.88
12/09/2006,61.39
13/09/2006,61.65
14/09/2006,61.51
15/09/2006,61.28
18/09/2006,62.22
19/09/2006,60.18
20/09/2006,57.625
21/09/2006,59.68
22/09/2006,58.34
25/09/2006,58.68
26/09/2006,58.02
27/09/2006,60.19
28/09/2006,60.31
29/09/2006,60.37
02/10/2006,58.05
03/10/2006,55.91
04/10/2006,57.03
05/10/2006,57.89
06/10/2006,57.83
09/10/2006,58.85
10/10/2006,57.67
11/10/2006,57.03
12/10/2006,58.41
13/10/2006,58.64
16/10/2006,60.2
17/10/2006,59.43
18/10/2006,57.56
19/10/2006,58.91
20/10/2006,57.69
23/10/2006,57.19
24/10/2006,57.48
25/10/2006,59.61
26/10/2006,58.12
27/10/2006,58.55
30/10/2006,56.89
31/10/2006,57.08
01/11/2006,56.84
02/11/2006,55.78
03/11/2006,57.18
06/11/2006,57.65
07/11/2006,56.43
08/11/2006,58.42
09/11/2006,60.02
10/11/2006,58.41
13/11/2006,57.24
14/11/2006,57.25
15/11/2006,58.62
16/11/2006,57.04
17/11/2006,57.57
20/11/2006,58.35
21/11/2006,59.81
22/11/2006,59.53
23/11/2006,59.7
24/11/2006,60.72
27/11/2006,60.99
28/11/2006,61.05
29/11/2006,63.06
30/11/2006,64.49
01/12/2006,65.17
04/12/2006,63.85
05/12/2006,63.69
06/12/2006,63.53
07/12/2006,62.97
08/12/2006,62.69
11/12/2006,62.21
12/12/2006,61.67
13/12/2006,61.69
14/12/2006,62.43
15/12/2006,62.11
18/12/2006,62.1
19/12/2006,61.98
20/12/2006,62.99
21/12/2006,62.21
22/12/2006,62.08
27/12/2006,59.35
28/12/2006,59.2
29/12/2006,59.5
02/01/2007,58.83
03/01/2007,56.16
04/01/2007,52.88
05/01/2007,53.85
08/01/2007,53.78
09/01/2007,53.62
10/01/2007,51.32
11/01/2007,50.05
12/01/2007,51.54
15/01/2007,52.69
16/01/2007,50.9
17/01/2007,51.88
18/01/2007,51.15
19/01/2007,53
22/01/2007,51.23
23/01/2007,55.3
24/01/2007,55.86
25/01/2007,54.55
26/01/2007,55.84
29/01/2007,53.39
30/01/2007,56.25
31/01/2007,57.15
01/02/2007,56.83
02/02/2007,58.47
05/02/2007,58.11
06/02/2007,58.34
07/02/2007,57.2
08/02/2007,57.95
09/02/2007,57.37
12/02/2007,55.16
13/02/2007,56.37
14/02/2007,55.19
15/02/2007,55.27
16/02/2007,57.4
19/02/2007,56.98
20/02/2007,56.32
21/02/2007,58.32
22/02/2007,59.5
23/02/2007,59.51
26/02/2007,59.83
27/02/2007,58.65
28/02/2007,60.78
01/03/2007,61.35
02/03/2007,61.34
05/03/2007,59.41
06/03/2007,60.38
07/03/2007,61.35
08/03/2007,61.2
09/03/2007,59.68
12/03/2007,60.73
13/03/2007,60.98
14/03/2007,61.26
15/03/2007,60.25
16/03/2007,59.96
19/03/2007,60.18
20/03/2007,60.01
21/03/2007,60.58
22/03/2007,62.16
23/03/2007,63.15
26/03/2007,64.26
27/03/2007,66.12
28/03/2007,65.7
29/03/2007,68.19
30/03/2007,68.38
02/04/2007,69.06
03/04/2007,68.21
04/04/2007,69.5
05/04/2007,68.56
10/04/2007,68.01
11/04/2007,68.03
12/04/2007,68.35
13/04/2007,67.85
16/04/2007,66.59
17/04/2007,65.67
18/04/2007,65.68
19/04/2007,65.61
20/04/2007,66.23
23/04/2007,67.73
24/04/2007,66.62
25/04/2007,67.85
26/04/2007,67.51
27/04/2007,67.79
30/04/2007,66.57
01/05/2007,66.13
02/05/2007,65.44
03/05/2007,64.89
04/05/2007,63.85
08/05/2007,65
09/05/2007,64.32
10/05/2007,64.96
11/05/2007,65.71
14/05/2007,65.95
15/05/2007,67.36
16/05/2007,67.855
17/05/2007,69.95
18/05/2007,69.04
21/05/2007,70.52
22/05/2007,68.97
23/05/2007,71.01
24/05/2007,71.57
25/05/2007,70.66
29/05/2007,68.77
30/05/2007,68.18
31/05/2007,69
01/06/2007,69.69
04/06/2007,71.13
05/06/2007,71.28
06/06/2007,71.65
07/06/2007,71.71
08/06/2007,68.66
11/06/2007,69.77
12/06/2007,68.34
13/06/2007,69.42
14/06/2007,71.57
15/06/2007,71.95
18/06/2007,72.5
19/06/2007,72.06
20/06/2007,71.2
21/06/2007,70.96
22/06/2007,72.24
25/06/2007,72.4
26/06/2007,71.37
27/06/2007,71.67
28/06/2007,71.62
29/06/2007,72.69
02/07/2007,74.5
03/07/2007,74.55
04/07/2007,74.5
05/07/2007,76.23
06/07/2007,76.53
09/07/2007,77.18
10/07/2007,77.74
11/07/2007,76.99
12/07/2007,77.85
13/07/2007,78.51
16/07/2007,77.71
17/07/2007,77.56
18/07/2007,78.32
19/07/2007,79.35
20/07/2007,79.11
23/07/2007,78.49
24/07/2007,75.58
25/07/2007,77.23
26/07/2007,75.51
27/07/2007,76.67
30/07/2007,76.11
31/07/2007,77.44
01/08/2007,76.06
02/08/2007,76.08
03/08/2007,74.69
06/08/2007,71.02
07/08/2007,71.14
08/08/2007,70.95
09/08/2007,70
10/08/2007,70.28
13/08/2007,69.86
14/08/2007,70.26
15/08/2007,70.97
16/08/2007,69.61
17/08/2007,69.11
20/08/2007,68.8
21/08/2007,68.23
22/08/2007,67.97
23/08/2007,69.17
24/08/2007,69.9
28/08/2007,69.57
29/08/2007,71.24
30/08/2007,71.91
31/08/2007,72.4
03/09/2007,73.12
04/09/2007,74.93
05/09/2007,75.33
06/09/2007,75.59
07/09/2007,75.54
10/09/2007,76.43
11/09/2007,76.9
12/09/2007,77.73
13/09/2007,78.2
14/09/2007,77.43
17/09/2007,77.27
18/09/2007,78.42
19/09/2007,78.6
20/09/2007,78.48
21/09/2007,78.37
24/09/2007,77.53
25/09/2007,76.62
26/09/2007,77.36
27/09/2007,80.12
28/09/2007,79.49
01/10/2007,78
02/10/2007,77.76
03/10/2007,77.58
04/10/2007,79.58
05/10/2007,79.2
08/10/2007,76.82
09/10/2007,77.58
10/10/2007,78.91
11/10/2007,80.67
12/10/2007,81
15/10/2007,83.62
16/10/2007,84.58
17/10/2007,83.87
18/10/2007,85.55
19/10/2007,83.83
22/10/2007,83.09
23/10/2007,82.43
24/10/2007,84.505
25/10/2007,86.915
26/10/2007,88.35
29/10/2007,89.87
30/10/2007,86.91
31/10/2007,91.26
01/11/2007,90.39
02/11/2007,92.43
05/11/2007,91.63
06/11/2007,93.93
07/11/2007,93.37
08/11/2007,93.03
09/11/2007,92.54
12/11/2007,91.04
13/11/2007,88.95
14/11/2007,91.13
15/11/2007,91.18
16/11/2007,91.53
19/11/2007,92.48
20/11/2007,95.51
21/11/2007,95.09
22/11/2007,94.4
23/11/2007,95.81
26/11/2007,94.48
27/11/2007,93.46
28/11/2007,91.36
29/11/2007,90.87
30/11/2007,88.98
03/12/2007,90.57
04/12/2007,89.7
05/12/2007,87.96
06/12/2007,90.315
07/12/2007,88.17
10/12/2007,87.07
11/12/2007,88.12
12/12/2007,88.11
13/12/2007,91.79
14/12/2007,91.69
17/12/2007,91.45
18/12/2007,90.31
19/12/2007,91.53
20/12/2007,90.53
21/12/2007,92.33
24/12/2007,92.42
27/12/2007,95.43
28/12/2007,94.3
31/12/2007,94.47
02/01/2008,97.56
03/01/2008,97.91
04/01/2008,96.94
07/01/2008,94.56
08/01/2008,95.37
09/01/2008,94.58
10/01/2008,92.84
11/01/2008,90.96
14/01/2008,92.74
15/01/2008,90.43
16/01/2008,89.22
17/01/2008,88.61
18/01/2008,89.54
21/01/2008,87.88
22/01/2008,88.15
23/01/2008,87.37
24/01/2008,89.36
25/01/2008,91.26
28/01/2008,91.83
29/01/2008,93.225
30/01/2008,92.77
31/01/2008,92.59
01/02/2008,90.12
04/02/2008,91.19
05/02/2008,89.43
06/02/2008,88.25
07/02/2008,89.45
08/02/2008,92.55
11/02/2008,94.24
12/02/2008,93.29
13/02/2008,94.2
14/02/2008,96.35
15/02/2008,96.15
18/02/2008,96.15
19/02/2008,98.67
20/02/2008,99.94
21/02/2008,95.24
22/02/2008,97.09
25/02/2008,98.15
26/02/2008,99.64
27/02/2008,98.6
28/02/2008,101.22
29/02/2008,100.28
03/03/2008,101.14
04/03/2008,98.55
05/03/2008,102.77
06/03/2008,103.585
07/03/2008,103.97
10/03/2008,105.74
11/03/2008,106.81
12/03/2008,108.18
13/03/2008,109.05
14/03/2008,108.88
17/03/2008,104.47
18/03/2008,105.81
19/03/2008,101.89
20/03/2008,100.64
25/03/2008,100.49
26/03/2008,103.48
27/03/2008,103.87
28/03/2008,102.16
31/03/2008,98.9
01/04/2008,98.84
02/04/2008,102.67
03/04/2008,101.91
04/04/2008,103.98
07/04/2008,106.07
08/04/2008,105.67
09/04/2008,107.43
10/04/2008,107.19
11/04/2008,107.91
14/04/2008,109.19
15/04/2008,111.09
16/04/2008,112.4
17/04/2008,111.87
18/04/2008,112.02
21/04/2008,112.7
22/04/2008,115.31
23/04/2008,115.54
24/04/2008,113.47
25/04/2008,116.28
28/04/2008,115.81
29/04/2008,112.58
30/04/2008,110.88
01/05/2008,108.07
02/05/2008,112.87
06/05/2008,119.49
07/05/2008,121.18
08/05/2008,122.21
09/05/2008,124.29
12/05/2008,121.42
13/05/2008,123.47
14/05/2008,120.7
15/05/2008,121
16/05/2008,123
19/05/2008,122.82
20/05/2008,124.95
21/05/2008,129.96
22/05/2008,127.73
23/05/2008,129.06
27/05/2008,126.51
28/05/2008,130.41
29/05/2008,126.65
30/05/2008,128.265
02/06/2008,127.95
03/06/2008,124.2
04/06/2008,120.85
05/06/2008,127.3
06/06/2008,136.6
09/06/2008,134.47
10/06/2008,131.55
11/06/2008,135.44
12/06/2008,136.02
13/06/2008,133.05
16/06/2008,130.51
17/06/2008,129.82
18/06/2008,132.57
19/06/2008,130.1
20/06/2008,133.08
23/06/2008,135.5
24/06/2008,135.49
25/06/2008,133.53
26/06/2008,138.74
27/06/2008,139.07
30/06/2008,138.29
01/07/2008,139.53
02/07/2008,143.11
03/07/2008,145.36
04/07/2008,142.75
07/07/2008,140.16
08/07/2008,135.05
09/07/2008,133.99
10/07/2008,140.36
11/07/2008,142.33
14/07/2008,142.95
15/07/2008,137.84
16/07/2008,134.27
17/07/2008,129.16
18/07/2008,128.11
21/07/2008,131.57
22/07/2008,127.43
23/07/2008,124.78
24/07/2008,126.25
25/07/2008,124.12
28/07/2008,125.68
29/07/2008,121.94
30/07/2008,126.74
31/07/2008,123.61
01/08/2008,123.6
04/08/2008,118.84
05/08/2008,115.88
06/08/2008,115.69
07/08/2008,116.525
08/08/2008,112.11
11/08/2008,110.94
12/08/2008,109.53
13/08/2008,112.63
14/08/2008,111.53
15/08/2008,110.71
18/08/2008,110.15
19/08/2008,110.99
20/08/2008,111.58
21/08/2008,117.75
22/08/2008,110.97
26/08/2008,111.56
27/08/2008,113.43
28/08/2008,111.91
29/08/2008,111.79
01/09/2008,107.43
02/09/2008,106.03
03/09/2008,105.94
04/09/2008,104.07
05/09/2008,102.59
08/09/2008,101.19
09/09/2008,97.33
10/09/2008,97.11
11/09/2008,95.99
12/09/2008,95.67
15/09/2008,88.48
16/09/2008,87.23
17/09/2008,91.66
18/09/2008,92.39
19/09/2008,96.82
22/09/2008,102.83
23/09/2008,101.45
24/09/2008,100.52
25/09/2008,102.49
26/09/2008,101.75
29/09/2008,91
30/09/2008,97.22
01/10/2008,93.35
02/10/2008,88.45
03/10/2008,88
06/10/2008,82.98
07/10/2008,83.22
08/10/2008,83.44
09/10/2008,79.98
10/10/2008,75.17
13/10/2008,76.62
14/10/2008,73
15/10/2008,68.37
16/10/2008,66.71
17/10/2008,66.82
20/10/2008,70.53
21/10/2008,66.11
22/10/2008,62.63
23/10/2008,65.38
24/10/2008,60.35
27/10/2008,57.69
28/10/2008,60.34
29/10/2008,64.09
30/10/2008,61.59
31/10/2008,63.49
03/11/2008,59.82
04/11/2008,64.64
05/11/2008,60.24
06/11/2008,56.01
07/11/2008,57.11
10/11/2008,57.78
11/11/2008,54.75
12/11/2008,51.02
13/11/2008,54.49
14/11/2008,50.3
17/11/2008,49.09
18/11/2008,48.61
19/11/2008,48.08
20/11/2008,43.99
21/11/2008,46.45
24/11/2008,50.46
25/11/2008,46.97
26/11/2008,50.89
27/11/2008,49.88
28/11/2008,51.14
01/12/2008,46.58
02/12/2008,45.16
03/12/2008,44.65
04/12/2008,40.86
05/12/2008,37.95
08/12/2008,41.27
09/12/2008,39.6
10/12/2008,40.99
11/12/2008,44.78
12/12/2008,44.44
15/12/2008,42.71
16/12/2008,42.09
17/12/2008,41.51
19/12/2008,40.58
22/12/2008,36.85
23/12/2008,36.26
24/12/2008,32.21
29/12/2008,36.21
30/12/2008,36.04
31/12/2008,39.83
02/01/2009,43.29
05/01/2009,47.37
06/01/2009,49.06
07/01/2009,44.32
08/01/2009,44.18
09/01/2009,43.1
12/01/2009,41.33
13/01/2009,43.55
14/01/2009,43.68
15/01/2009,43.25
16/01/2009,42.1
19/01/2009,40.55
20/01/2009,39.6
21/01/2009,44.29
22/01/2009,43.64
23/01/2009,47.08
26/01/2009,45.54
27/01/2009,42.87
28/01/2009,43.13
29/01/2009,43.82
30/01/2009,44.28
02/02/2009,43.41
03/02/2009,43.24
04/02/2009,43.56
05/02/2009,45.87
06/02/2009,45.82
09/02/2009,45.95
10/02/2009,44.44
11/02/2009,43.36
12/02/2009,44.22
13/02/2009,43.1
16/02/2009,42.07
17/02/2009,38.66
18/02/2009,39.39
19/02/2009,40.92
20/02/2009,41.21
23/02/2009,39.66
24/02/2009,41.55
25/02/2009,43.54
26/02/2009,45.54
27/02/2009,45.45
02/03/2009,42.21
03/03/2009,43.68
04/03/2009,46.24
05/03/2009,44.04
06/03/2009,44.92
09/03/2009,44.22
10/03/2009,43.63
11/03/2009,41.69
12/03/2009,44.42
13/03/2009,43.9
16/03/2009,44.57
17/03/2009,46.15
18/03/2009,47.08
19/03/2009,48.25
20/03/2009,49.59
23/03/2009,51.79
24/03/2009,51.66
25/03/2009,51.14
26/03/2009,52.34
27/03/2009,51.23
30/03/2009,47.43
31/03/2009,47.05
01/04/2009,47.41
02/04/2009,51.24
03/04/2009,52.19
06/04/2009,51.53
07/04/2009,50.29
08/04/2009,51.72
09/04/2009,53.68
14/04/2009,51.17
15/04/2009,51.85
16/04/2009,51.64
17/04/2009,51.9
20/04/2009,48.54
21/04/2009,49.13
22/04/2009,48.32
23/04/2009,48.72
24/04/2009,50.39
27/04/2009,49.64
28/04/2009,48.64
29/04/2009,49.99
30/04/2009,49.95
01/05/2009,51.82
05/05/2009,53.71
06/05/2009,56.09
07/05/2009,55.21
08/05/2009,57.13
11/05/2009,56
12/05/2009,57.25
13/05/2009,55.98
14/05/2009,57.41
15/05/2009,54.97
18/05/2009,57.49
19/05/2009,57.44
20/05/2009,59.05
21/05/2009,58.78
22/05/2009,59.41
26/05/2009,59.99
27/05/2009,61.3
28/05/2009,63.51
29/05/2009,65.41
01/06/2009,67.01
02/06/2009,67.54
03/06/2009,65.3
04/06/2009,67.97
05/06/2009,67.605
08/06/2009,68.18
09/06/2009,70.02
10/06/2009,70.96
11/06/2009,71.27
12/06/2009,71.01
15/06/2009,68.67
16/06/2009,68.75
17/06/2009,69.51
18/06/2009,70.12
19/06/2009,68.41
22/06/2009,65.57
23/06/2009,67.26
24/06/2009,67.44
25/06/2009,69.19
26/06/2009,68.31
29/06/2009,70.24
30/06/2009,69.16
01/07/2009,67.85
02/07/2009,65.44
03/07/2009,65.05
06/07/2009,62.81
07/07/2009,61.01
08/07/2009,59.58
09/07/2009,59.97
10/07/2009,59.17
13/07/2009,60.08
14/07/2009,60.18
15/07/2009,62.67
16/07/2009,62.6
17/07/2009,63.88
20/07/2009,65.5
21/07/2009,64.81
22/07/2009,66.06
23/07/2009,68.03
24/07/2009,69.53
27/07/2009,69.71
28/07/2009,68.48
29/07/2009,65.2
30/07/2009,69
31/07/2009,71.48
03/08/2009,72.98
04/08/2009,74.58
05/08/2009,75.2
06/08/2009,74.6
07/08/2009,72.99
10/08/2009,73.63
11/08/2009,71.87
12/08/2009,72.78
13/08/2009,73.55
14/08/2009,70.74
17/08/2009,69.76
18/08/2009,72.77
19/08/2009,72.81
20/08/2009,72.9
21/08/2009,73.91
24/08/2009,73.7
25/08/2009,70.87
26/08/2009,71.19
27/08/2009,72.43
28/08/2009,72.58
01/09/2009,67.85
02/09/2009,67.59
03/09/2009,66.96
04/09/2009,66.22
07/09/2009,66.69
08/09/2009,68.81
09/09/2009,69.67
10/09/2009,69.47
11/09/2009,66.8
14/09/2009,66.9
15/09/2009,67.89
16/09/2009,70.22
17/09/2009,71.05
18/09/2009,70.62
21/09/2009,68
22/09/2009,69.77
23/09/2009,66.88
24/09/2009,64.46
25/09/2009,64.58
28/09/2009,65.33
29/09/2009,64.64
30/09/2009,68.01
01/10/2009,67.59
02/10/2009,66.84
05/10/2009,66.83
06/10/2009,67.92
07/10/2009,66.8
08/10/2009,68.71
09/10/2009,70.07
12/10/2009,71.08
13/10/2009,71.87
14/10/2009,72.7
15/10/2009,75.02
16/10/2009,76.24
19/10/2009,77.29
20/10/2009,76.04
21/10/2009,78.6
22/10/2009,78.84
23/10/2009,77.12
26/10/2009,76.14
27/10/2009,77.08
28/10/2009,74.36
29/10/2009,77.1
30/10/2009,74.01
02/11/2009,75.69
03/11/2009,77.13
04/11/2009,78.02
05/11/2009,77.35
06/11/2009,75.26
09/11/2009,77.24
10/11/2009,76.69
11/11/2009,77.22
12/11/2009,75.07
13/11/2009,75.07
16/11/2009,77.61
17/11/2009,77.92
18/11/2009,78.37
19/11/2009,76.68
20/11/2009,76.51
23/11/2009,76.53
24/11/2009,75.46
25/11/2009,77.49
26/11/2009,76.33
27/11/2009,76
30/11/2009,77.76
01/12/2009,78.04
02/12/2009,77.03
03/12/2009,76.76
04/12/2009,77.09
07/12/2009,76.07
08/12/2009,74.57
09/12/2009,71.43
10/12/2009,71.04
11/12/2009,70.56
14/12/2009,71
15/12/2009,71.7
16/12/2009,73.2
17/12/2009,71.73
18/12/2009,72.38
21/12/2009,71.62
22/12/2009,72.54
23/12/2009,74.17
24/12/2009,75.15
29/12/2009,77.27
30/12/2009,77.76
31/12/2009,77.66
04/01/2010,79.78
05/01/2010,79.24
06/01/2010,80.83
07/01/2010,80.5
08/01/2010,80.73
11/01/2010,79.77
12/01/2010,77.92
13/01/2010,77.98
14/01/2010,77.37
15/01/2010,76.15
18/01/2010,75.98
19/01/2010,76.36
20/01/2010,74.47
21/01/2010,72.99
22/01/2010,71.37
25/01/2010,72.91
26/01/2010,72.43
27/01/2010,71.08
28/01/2010,71.11
29/01/2010,70.21
01/02/2010,72.86
02/02/2010,75.26
03/02/2010,75.22
04/02/2010,71.42
05/02/2010,69.89
08/02/2010,69.57
09/02/2010,71.29
10/02/2010,72.46
11/02/2010,73.06
12/02/2010,71.87
15/02/2010,71.63
16/02/2010,75.32
17/02/2010,75.59
18/02/2010,76.39
19/02/2010,77.6
22/02/2010,77.27
23/02/2010,76.51
24/02/2010,77.49
25/02/2010,75.33
26/02/2010,75.97
01/03/2010,76.11
02/03/2010,77.15
03/03/2010,78.62
04/03/2010,78.17
05/03/2010,79.27
08/03/2010,79.39
09/03/2010,78.83
10/03/2010,79.65
11/03/2010,79.67
12/03/2010,78.57
15/03/2010,77.56
16/03/2010,79.99
17/03/2010,80.8
18/03/2010,80.38
19/03/2010,78.9
22/03/2010,79.09
23/03/2010,78.8
24/03/2010,77.87
25/03/2010,78.25
26/03/2010,77.9
29/03/2010,79.97
30/03/2010,79.96
31/03/2010,81.07
01/04/2010,83.16
06/04/2010,84.88
07/04/2010,83.95
08/04/2010,83.35
09/04/2010,83.15
12/04/2010,84.21
13/04/2010,83.97
14/04/2010,85.72
15/04/2010,86.25
16/04/2010,84.84
19/04/2010,83.67
20/04/2010,83.37
21/04/2010,84.83
22/04/2010,85.11
23/04/2010,86.53
26/04/2010,86.28
27/04/2010,84.62
28/04/2010,85.58
29/04/2010,86.56
30/04/2010,86.7
04/05/2010,83.74
05/05/2010,81.2
06/05/2010,78.15
07/05/2010,77.35
10/05/2010,78.85
11/05/2010,78.7
12/05/2010,79.7
13/05/2010,78.5
14/05/2010,75.7
17/05/2010,73.74
18/05/2010,73.41
19/05/2010,72.47
20/05/2010,67.74
21/05/2010,70.64
24/05/2010,69.07
25/05/2010,69.23
26/05/2010,70.39
27/05/2010,74.36
28/05/2010,72.97
01/06/2010,70.72
02/06/2010,73.44
03/06/2010,74.62
04/06/2010,71
07/06/2010,71.32
08/06/2010,71.92
09/06/2010,73.26
10/06/2010,74.65
11/06/2010,74.06
14/06/2010,74.08
15/06/2010,76.32
16/06/2010,76.95
17/06/2010,77.3
18/06/2010,77.6
21/06/2010,77.36
22/06/2010,76.8
23/06/2010,75.02
24/06/2010,75.84
25/06/2010,77.83
28/06/2010,76.69
29/06/2010,74.47
30/06/2010,74.48
01/07/2010,72.32
02/07/2010,71.86
05/07/2010,71.46
06/07/2010,71.48
07/07/2010,74.34
08/07/2010,75.16
09/07/2010,75.59
12/07/2010,74.55
13/07/2010,76.77
14/07/2010,76.57
15/07/2010,76.71
16/07/2010,75.53
19/07/2010,75.63
20/07/2010,76.08
21/07/2010,75.37
22/07/2010,77.85
23/07/2010,77.55
26/07/2010,77.57
27/07/2010,76.59
28/07/2010,76.79
29/07/2010,78.76
30/07/2010,79.26
02/08/2010,81.98
03/08/2010,83.72
04/08/2010,83.25
05/08/2010,82.93
06/08/2010,80.77
09/08/2010,81.14
10/08/2010,79.86
11/08/2010,77.13
12/08/2010,75.67
13/08/2010,75.52
16/08/2010,74.68
17/08/2010,75.89
18/08/2010,75.59
19/08/2010,74.7
20/08/2010,73.92
23/08/2010,72.87
24/08/2010,70.27
25/08/2010,73.06
26/08/2010,74.2
27/08/2010,76.62
31/08/2010,74.01
01/09/2010,75.9
02/09/2010,76.32
03/09/2010,76.04
06/09/2010,76.25
07/09/2010,76.8
08/09/2010,77.73
09/09/2010,76.6
10/09/2010,77.69
13/09/2010,78.46
14/09/2010,78.56
15/09/2010,79.02
16/09/2010,78.26
17/09/2010,78.06
20/09/2010,79.26
21/09/2010,77.99
22/09/2010,77.78
23/09/2010,77.5
24/09/2010,78.56
27/09/2010,78.07
28/09/2010,78.33
29/09/2010,80.2
30/09/2010,81.69
01/10/2010,83.53
04/10/2010,82.51
05/10/2010,83.99
06/10/2010,84.56
07/10/2010,82.55
08/10/2010,83.55
11/10/2010,82.58
12/10/2010,83
13/10/2010,83.83
14/10/2010,83.1
15/10/2010,81.31
18/10/2010,82.91
19/10/2010,79.49
20/10/2010,81.44
21/10/2010,80.59
22/10/2010,81.57
25/10/2010,82.41
26/10/2010,82.67
27/10/2010,82.47
28/10/2010,82.66
29/10/2010,82.45
01/11/2010,83.99
02/11/2010,85.14
03/11/2010,85.83
04/11/2010,87.76
05/11/2010,88.05
08/11/2010,87.32
09/11/2010,87.28
10/11/2010,88.51
11/11/2010,87.97
12/11/2010,85.33
15/11/2010,85.27
16/11/2010,83.59
17/11/2010,82.16
18/11/2010,84.38
19/11/2010,83.17
22/11/2010,83.19
23/11/2010,82.29
24/11/2010,85.57
25/11/2010,85.55
26/11/2010,84.78
29/11/2010,86.71
30/11/2010,85.66
01/12/2010,88.38
02/12/2010,90.36
03/12/2010,91.43
06/12/2010,91.36
07/12/2010,90.83
08/12/2010,90.53
09/12/2010,90.46
10/12/2010,89.76
13/12/2010,90.19
14/12/2010,90.5
15/12/2010,91.19
16/12/2010,91.43
17/12/2010,91.32
20/12/2010,92.11
21/12/2010,93.08
22/12/2010,93.53
23/12/2010,93.89
24/12/2010,93.01
29/12/2010,93.87
30/12/2010,92.95
31/12/2010,94.69
04/01/2011,93.58
05/01/2011,95.85
06/01/2011,94.4
07/01/2011,93.75
10/01/2011,95.55
11/01/2011,96.97
12/01/2011,97.66
13/01/2011,97.61
14/01/2011,98.65
17/01/2011,97.52
18/01/2011,97.38
19/01/2011,97.98
20/01/2011,96.29
21/01/2011,97.12
24/01/2011,95.4
25/01/2011,94.14
26/01/2011,97.23
27/01/2011,95.86
28/01/2011,98.1
31/01/2011,99.64
01/02/2011,101.08
02/02/2011,101.45
03/02/2011,101.03
04/02/2011,99.04
07/02/2011,98.68
08/02/2011,99.6
09/02/2011,101.34
10/02/2011,100.92
11/02/2011,99.83
14/02/2011,102.42
15/02/2011,101.22
16/02/2011,103.78
17/02/2011,102.36
18/02/2011,101.85
21/02/2011,108.12
22/02/2011,105.72
23/02/2011,111.8
24/02/2011,111.21
25/02/2011,111.63
28/02/2011,112.27
01/03/2011,115.58
02/03/2011,116.59
03/03/2011,114.14
04/03/2011,115.72
07/03/2011,114.38
08/03/2011,111.84
09/03/2011,115.6
10/03/2011,115.12
11/03/2011,113.77
14/03/2011,113.81
15/03/2011,109.11
16/03/2011,109.87
17/03/2011,116.52
18/03/2011,113.7
21/03/2011,114.4
22/03/2011,115.45
23/03/2011,114.97
24/03/2011,115.52
25/03/2011,115.47
28/03/2011,114.66
29/03/2011,114.94
30/03/2011,115.2
31/03/2011,117.42
01/04/2011,118.97
04/04/2011,121.02
05/04/2011,122.3
06/04/2011,122.77
07/04/2011,123.22
08/04/2011,127.23
11/04/2011,123.8
12/04/2011,121.01
13/04/2011,123.5
14/04/2011,123.21
15/04/2011,124.52
18/04/2011,122.34
19/04/2011,121.64
20/04/2011,124.49
21/04/2011,124.32
26/04/2011,124.37
27/04/2011,126.03
28/04/2011,125.3
03/05/2011,122.42
04/05/2011,120.95
05/05/2011,111.93
06/05/2011,109.72
09/05/2011,113.21
10/05/2011,118
11/05/2011,113.45
12/05/2011,113.59
13/05/2011,114.56
16/05/2011,111.51
17/05/2011,111.71
18/05/2011,112.88
19/05/2011,113.12
20/05/2011,113.18
23/05/2011,110.58
24/05/2011,112.4
25/05/2011,115.09
26/05/2011,115.24
27/05/2011,115.4
31/05/2011,116.8
01/06/2011,116.15
02/06/2011,116.4
03/06/2011,116.42
06/06/2011,114.62
07/06/2011,117.87
08/06/2011,118.67
09/06/2011,120.5
10/06/2011,119.2
13/06/2011,119.16
14/06/2011,120.68
15/06/2011,114.67
16/06/2011,115.02
17/06/2011,113.75
20/06/2011,111.79
21/06/2011,110.8
22/06/2011,113.02
23/06/2011,108.58
24/06/2011,104.74
27/06/2011,106.11
28/06/2011,108.85
29/06/2011,112.26
30/06/2011,111.51
01/07/2011,111.57
04/07/2011,111.54
05/07/2011,113.81
06/07/2011,114.38
07/07/2011,118.84
08/07/2011,118.44
11/07/2011,117.37
12/07/2011,117.36
13/07/2011,118.46
14/07/2011,117.27
15/07/2011,118.06
18/07/2011,116.98
19/07/2011,118.35
20/07/2011,118.73
21/07/2011,118.21
22/07/2011,119.07
25/07/2011,117.98
26/07/2011,117.76
27/07/2011,117.06
28/07/2011,116.65
29/07/2011,116.37
01/08/2011,117.03
02/08/2011,115.47
03/08/2011,113.17
04/08/2011,106.66
05/08/2011,108.82
08/08/2011,102.95
09/08/2011,104.1
10/08/2011,104.9
11/08/2011,107.84
12/08/2011,108.02
15/08/2011,109.48
16/08/2011,109.67
17/08/2011,110.94
18/08/2011,107.04
19/08/2011,109.68
22/08/2011,109.45
23/08/2011,110.92
24/08/2011,111.53
25/08/2011,111.7
26/08/2011,112.8
29/08/2011,113.74
30/08/2011,115.17
31/08/2011,116.31
01/09/2011,115.48
02/09/2011,114.76
05/09/2011,111.74
06/09/2011,112.09
07/09/2011,118.21
08/09/2011,115.92
09/09/2011,114.96
12/09/2011,115.3
13/09/2011,113.7
14/09/2011,113.61
15/09/2011,116.43
16/09/2011,116.46
19/09/2011,112.22
20/09/2011,113.53
21/09/2011,113.29
22/09/2011,108.74
23/09/2011,107.8
26/09/2011,108.57
27/09/2011,109.36
28/09/2011,104.95
29/09/2011,107.04
30/09/2011,104.92
03/10/2011,102.27
04/10/2011,103.01
05/10/2011,104.32
06/10/2011,106.39
07/10/2011,106.75
10/10/2011,109.3
11/10/2011,109.99
12/10/2011,111.65
13/10/2011,113.8
14/10/2011,115.01
17/10/2011,111.84
18/10/2011,112.01
19/10/2011,109.15
20/10/2011,110.8
21/10/2011,110.45
24/10/2011,112.71
25/10/2011,111.61
26/10/2011,110.35
27/10/2011,112.75
28/10/2011,109.78
31/10/2011,109.35
01/11/2011,108.42
02/11/2011,109.68
03/11/2011,111.12
04/11/2011,112.64
07/11/2011,115.45
08/11/2011,115.84
09/11/2011,112.69
10/11/2011,113.5
11/11/2011,114.52
14/11/2011,111.96
15/11/2011,112.72
16/11/2011,111.07
17/11/2011,107.61
18/11/2011,107.12
21/11/2011,106.62
22/11/2011,108.54
23/11/2011,106.46
24/11/2011,107.11
25/11/2011,106.44
28/11/2011,109.52
29/11/2011,111.34
30/11/2011,111.26
01/12/2011,109.11
02/12/2011,110.18
05/12/2011,111
06/12/2011,111
07/12/2011,109.6
08/12/2011,108.1
09/12/2011,108.73
12/12/2011,107.25
13/12/2011,109.68
14/12/2011,104.16
15/12/2011,103.74
16/12/2011,103.81
19/12/2011,105.12
20/12/2011,107.94
21/12/2011,108.88
22/12/2011,108.78
23/12/2011,109.05
28/12/2011,108.24
29/12/2011,108.55
30/12/2011,107.55
03/01/2012,112.87
04/01/2012,114.49
05/01/2012,112.69
06/01/2012,112.45
09/01/2012,111.47
10/01/2012,112.52
11/01/2012,111.59
12/01/2012,110.56
13/01/2012,109.8
16/01/2012,110.28
17/01/2012,111.11
18/01/2012,110.54
19/01/2012,110.37
20/01/2012,109.07
23/01/2012,109.78
24/01/2012,108.51
25/01/2012,108.76
26/01/2012,109.4
27/01/2012,110.42
30/01/2012,110.16
31/01/2012,110.08
01/02/2012,111.3
02/02/2012,111.56
03/02/2012,114.21
06/02/2012,115.93
07/02/2012,116.6
08/02/2012,117.68
09/02/2012,118.5
10/02/2012,118.12
13/02/2012,120.14
14/02/2012,118.63
15/02/2012,120.22
16/02/2012,121.77
17/02/2012,121.1
20/02/2012,120.83
21/02/2012,121.59
22/02/2012,122.76
23/02/2012,125.79
24/02/2012,126.46
27/02/2012,124.6
28/02/2012,122.49
29/02/2012,123.62
01/03/2012,127.79
02/03/2012,125.33
05/03/2012,127.09
06/03/2012,124.52
07/03/2012,126.53
08/03/2012,128.13
09/03/2012,127.8
12/03/2012,127.49
13/03/2012,127.87
14/03/2012,126.05
15/03/2012,123.44
16/03/2012,126.27
19/03/2012,125.56
20/03/2012,124.62
21/03/2012,123.76
22/03/2012,123.04
23/03/2012,125.34
26/03/2012,126.01
27/03/2012,125.26
28/03/2012,124.46
29/03/2012,123.16
30/03/2012,123.23
02/04/2012,125.52
03/04/2012,125.11
04/04/2012,122.94
05/04/2012,125.72
10/04/2012,120.76
11/04/2012,122.01
12/04/2012,121.49
13/04/2012,120.83
16/04/2012,118.54
17/04/2012,117.68
18/04/2012,116.41
19/04/2012,116.7
20/04/2012,117.87
23/04/2012,117.96
24/04/2012,117.79
25/04/2012,118.39
26/04/2012,118.99
27/04/2012,119.95
30/04/2012,119.15
01/05/2012,119.37
02/05/2012,117.94
03/05/2012,115.42
04/05/2012,112.5
08/05/2012,112.4
09/05/2012,112.24
10/05/2012,111.71
11/05/2012,112.05
14/05/2012,110.92
15/05/2012,111.42
16/05/2012,111.07
17/05/2012,108.45
18/05/2012,108.16
21/05/2012,110.16
22/05/2012,109.11
23/05/2012,106.74
24/05/2012,107.37
25/05/2012,107.69
28/05/2012,108.01
29/05/2012,107.03
30/05/2012,103.69
31/05/2012,102.12
01/06/2012,98.7
04/06/2012,99.5
05/06/2012,98.22
06/06/2012,101.32
07/06/2012,99.17
08/06/2012,99.76
11/06/2012,97.11
12/06/2012,96.45
13/06/2012,96.47
14/06/2012,97.03
15/06/2012,97.14
18/06/2012,95.34
19/06/2012,94.97
20/06/2012,90.86
21/06/2012,88.27
22/06/2012,89.75
25/06/2012,89.85
26/06/2012,91.98
27/06/2012,92.41
28/06/2012,90.8
29/06/2012,96.98
02/07/2012,96.55
03/07/2012,99.97
04/07/2012,99.58
05/07/2012,100.7
06/07/2012,98.47
09/07/2012,99.9
10/07/2012,98.49
11/07/2012,100.41
12/07/2012,100.53
13/07/2012,102.11
16/07/2012,104.11
17/07/2012,104.53
18/07/2012,106.14
19/07/2012,107.73
20/07/2012,107.33
23/07/2012,103.26
24/07/2012,103.14
25/07/2012,103.87
26/07/2012,104.68
27/07/2012,106.66
30/07/2012,106.45
31/07/2012,105.02
01/08/2012,106.28
02/08/2012,107.33
03/08/2012,109.88
06/08/2012,110.24
07/08/2012,112.46
08/08/2012,112.83
09/08/2012,114.05
10/08/2012,113.34
13/08/2012,114.32
14/08/2012,114.03
15/08/2012,116.54
16/08/2012,116.74
17/08/2012,114.97
20/08/2012,115
21/08/2012,115.46
22/08/2012,115.89
23/08/2012,116.02
24/08/2012,114.6
27/08/2012,113.38
28/08/2012,112.78
29/08/2012,112.33
30/08/2012,112.33
31/08/2012,114.09
03/09/2012,115.8
04/09/2012,114.51
05/09/2012,113.28
06/09/2012,112.6
07/09/2012,114.03
10/09/2012,113.89
11/09/2012,114.67
12/09/2012,115.58
13/09/2012,116.11
14/09/2012,117.21
17/09/2012,114.68
18/09/2012,112.37
19/09/2012,108.16
20/09/2012,110.92
21/09/2012,111.89
24/09/2012,109.83
25/09/2012,109.8
26/09/2012,110.09
27/09/2012,112.26
28/09/2012,112.04
01/10/2012,112.65
02/10/2012,111.86
03/10/2012,108.92
04/10/2012,113.06
05/10/2012,112.76
08/10/2012,113.02
09/10/2012,114.7
10/10/2012,115.04
11/10/2012,116.47
12/10/2012,115.41
15/10/2012,115.96
16/10/2012,115.18
17/10/2012,113.3
18/10/2012,112.59
19/10/2012,110.42
22/10/2012,110.02
23/10/2012,108.14
24/10/2012,107.85
25/10/2012,108.55
26/10/2012,109.66
29/10/2012,109.69
30/10/2012,109.27
31/10/2012,110.96
01/11/2012,108.73
02/11/2012,106.17
05/11/2012,107.64
06/11/2012,110.74
07/11/2012,107.38
08/11/2012,107.59
09/11/2012,109.94
12/11/2012,109.49
13/11/2012,107.64
14/11/2012,108.97
15/11/2012,107.46
16/11/2012,107.82
19/11/2012,110.46
20/11/2012,110.32
21/11/2012,111.06
22/11/2012,110.26
23/11/2012,111.5
26/11/2012,110.83
27/11/2012,109.2
28/11/2012,108.99
29/11/2012,110.05
30/11/2012,111.24
03/12/2012,110.94
04/12/2012,110.12
05/12/2012,109.21
06/12/2012,107.14
07/12/2012,107.34
10/12/2012,107.75
11/12/2012,108.09
12/12/2012,110.07
13/12/2012,108.5
14/12/2012,109.87
17/12/2012,109.27
18/12/2012,110.09
19/12/2012,111.1
20/12/2012,110.86
21/12/2012,109.32
24/12/2012,108.94
27/12/2012,111.29
28/12/2012,110.62
31/12/2012,111.49
02/01/2013,112.78
03/01/2013,112.64
04/01/2013,112.65
07/01/2013,112.88
08/01/2013,113.34
09/01/2013,113.17
10/01/2013,112.69
11/01/2013,110.82
14/01/2013,112.12
15/01/2013,111.06
16/01/2013,110
17/01/2013,111.47
18/01/2013,112.76
21/01/2013,112.61
22/01/2013,113.23
23/01/2013,113.94
24/01/2013,114.28
25/01/2013,114.06
28/01/2013,114.98
29/01/2013,115.22
30/01/2013,115.67
31/01/2013,116.87
01/02/2013,117.58
04/02/2013,113.92
05/02/2013,116.82
06/02/2013,117.18
07/02/2013,117.24
08/02/2013,118.58
11/02/2013,118.02
12/02/2013,118.58
13/02/2013,117.92
14/02/2013,118.59
15/02/2013,118.12
18/02/2013,117.61
19/02/2013,117.71
20/02/2013,115.39
21/02/2013,113.68
22/02/2013,114.15
25/02/2013,113.37
26/02/2013,112.69
27/02/2013,112.03
28/02/2013,112.3
01/03/2013,110.21
04/03/2013,110.06
05/03/2013,111.2
06/03/2013,110.43
07/03/2013,110.53
08/03/2013,109.86
11/03/2013,108.82
12/03/2013,108.5
13/03/2013,107.1
14/03/2013,107.93
15/03/2013,109.53
18/03/2013,109.05
19/03/2013,107.34
20/03/2013,108.11
21/03/2013,106.56
22/03/2013,106.67
25/03/2013,106.66
26/03/2013,108.08
27/03/2013,108.63
28/03/2013,108.59
01/04/2013,109.42
02/04/2013,109.47
03/04/2013,107.19
04/04/2013,105.82
05/04/2013,103.5
08/04/2013,103.82
09/04/2013,105.01
10/04/2013,104.8
11/04/2013,103.12
12/04/2013,101.98
15/04/2013,98.01
16/04/2013,98.86
17/04/2013,95.92
18/04/2013,98.2
19/04/2013,99.21
22/04/2013,99.77
23/04/2013,99.88
24/04/2013,101.28
25/04/2013,102.16
26/04/2013,102.42
29/04/2013,103.25
30/04/2013,101.45
01/05/2013,99.18
02/05/2013,102.1
03/05/2013,104.34
07/05/2013,104.38
08/05/2013,104.05
09/05/2013,103.78
10/05/2013,103.11
13/05/2013,102.38
14/05/2013,102.72
15/05/2013,101.51
16/05/2013,103.98
17/05/2013,104.44
20/05/2013,104.26
21/05/2013,102.8
22/05/2013,101.11
23/05/2013,101.44
24/05/2013,101.97
28/05/2013,103.63
29/05/2013,101.36
30/05/2013,101.64
31/05/2013,99.77
03/06/2013,101.54
04/06/2013,103.48
05/06/2013,102.68
06/06/2013,103.19
07/06/2013,104.28
10/06/2013,103.85
11/06/2013,101.75
12/06/2013,102.44
13/06/2013,104.41
14/06/2013,105.02
17/06/2013,105.34
18/06/2013,105.63
19/06/2013,105.03
20/06/2013,101.8
21/06/2013,100.61
24/06/2013,100.7
25/06/2013,100.74
26/06/2013,101.44
27/06/2013,102.38
28/06/2013,102.3
01/07/2013,103.25
02/07/2013,104.72
03/07/2013,106.24
04/07/2013,106.07
05/07/2013,107.12
08/07/2013,107.35
09/07/2013,108.77
10/07/2013,109.08
11/07/2013,107.7
12/07/2013,109.21
15/07/2013,109.3
16/07/2013,109.09
17/07/2013,109.58
18/07/2013,109.9
19/07/2013,109.07
22/07/2013,109.35
23/07/2013,109.51
24/07/2013,107.91
25/07/2013,108.45
26/07/2013,107.79
29/07/2013,107.89
30/07/2013,107.64
31/07/2013,108.64
01/08/2013,110.36
02/08/2013,109.78
05/08/2013,109.54
06/08/2013,109.29
07/08/2013,108.05
08/08/2013,107.72
09/08/2013,109.32
12/08/2013,110.52
13/08/2013,110.58
14/08/2013,110.78
15/08/2013,111.21
16/08/2013,111.97
19/08/2013,110.9
20/08/2013,111.06
21/08/2013,110.54
22/08/2013,110.88
23/08/2013,112.34
27/08/2013,116.21
28/08/2013,117.06
29/08/2013,114.57
30/08/2013,115.21
02/09/2013,114.73
03/09/2013,116
04/09/2013,115.4
05/09/2013,115.65
06/09/2013,116.76
09/09/2013,113.28
10/09/2013,111.96
11/09/2013,112.16
12/09/2013,113.46
13/09/2013,113.82
16/09/2013,110.42
17/09/2013,108.9
18/09/2013,110.98
19/09/2013,109.3
20/09/2013,110.3
23/09/2013,108.48
24/09/2013,108.67
25/09/2013,107.89
26/09/2013,108.82
27/09/2013,108.74
30/09/2013,108.46
01/10/2013,107.72
02/10/2013,109.06
03/10/2013,109.25
04/10/2013,109.92
07/10/2013,109.95
08/10/2013,110.42
09/10/2013,109.24
10/10/2013,111.82
11/10/2013,111.17
14/10/2013,110.98
15/10/2013,110.08
16/10/2013,110.82
17/10/2013,109.55
18/10/2013,109.72
21/10/2013,109.18
22/10/2013,109.63
23/10/2013,107.29
24/10/2013,106.41
25/10/2013,106.11
28/10/2013,108.77
29/10/2013,107.52
30/10/2013,108.79
31/10/2013,108.09
01/11/2013,105.08
04/11/2013,105.3
05/11/2013,105.01
06/11/2013,104.85
07/11/2013,103.15
08/11/2013,104.98
11/11/2013,106
12/11/2013,105.63
13/11/2013,106.79
14/11/2013,108.48
15/11/2013,108.65
18/11/2013,108.71
19/11/2013,107.32
20/11/2013,108.35
21/11/2013,110.7
22/11/2013,111.99
25/11/2013,112.26
26/11/2013,111.6
27/11/2013,111.87
28/11/2013,111.41
29/11/2013,110.34
02/12/2013,112.36
03/12/2013,114.39
04/12/2013,112.39
05/12/2013,111.35
06/12/2013,111.71
09/12/2013,109.43
10/12/2013,109.6
11/12/2013,109.7
12/12/2013,108.6
13/12/2013,108.66
16/12/2013,109.35
17/12/2013,108.89
18/12/2013,109.52
19/12/2013,110.24
20/12/2013,112.53
23/12/2013,111.24
24/12/2013,111.64
27/12/2013,111.8
30/12/2013,110.68
31/12/2013,110.2
02/01/2014,107.17
03/01/2014,107.94
06/01/2014,106.86
07/01/2014,107.51
08/01/2014,107.39
09/01/2014,107.35
10/01/2014,107.43
13/01/2014,107.45
14/01/2014,107.03
15/01/2014,107.94
16/01/2014,106.42
17/01/2014,108.2
20/01/2014,108.27
21/01/2014,108.84
22/01/2014,110.02
23/01/2014,109.3
24/01/2014,109.71
27/01/2014,108.44
28/01/2014,108.71
29/01/2014,108.99
30/01/2014,108.92
31/01/2014,107.51
03/02/2014,107.14
04/02/2014,107.3
05/02/2014,107.44
06/02/2014,108.49
07/02/2014,111.48
10/02/2014,109.55
11/02/2014,109.3
12/02/2014,108.44
13/02/2014,108.85
14/02/2014,109.49
17/02/2014,109.41
18/02/2014,111.25
19/02/2014,110.1
20/02/2014,109.66
21/02/2014,109.11
24/02/2014,109.73
25/02/2014,109.06
26/02/2014,108.89
27/02/2014,108.32
28/02/2014,109
03/03/2014,110.85
04/03/2014,109.14
05/03/2014,107.28
06/03/2014,108.64
07/03/2014,109.34
10/03/2014,107.98
11/03/2014,108.08
12/03/2014,108.13
13/03/2014,107.13
14/03/2014,108.07
17/03/2014,106.55
18/03/2014,106.36
19/03/2014,105.9
20/03/2014,106.16
21/03/2014,106.95
24/03/2014,106.35
25/03/2014,106.57
26/03/2014,106.09
27/03/2014,106.74
28/03/2014,106.92
31/03/2014,106.51
01/04/2014,104.3
02/04/2014,103.76
03/04/2014,105.85
04/04/2014,106.47
07/04/2014,105.45
08/04/2014,106.87
09/04/2014,107.38
10/04/2014,107.05
11/04/2014,107.08
14/04/2014,108.23
15/04/2014,109.34
16/04/2014,109.54
17/04/2014,109.3
22/04/2014,109.16
23/04/2014,108.88
24/04/2014,110.02
25/04/2014,109.69
28/04/2014,108.63
29/04/2014,109.03
30/04/2014,109.04
01/05/2014,108.24
02/05/2014,109.26
06/05/2014,108
07/05/2014,108.75
08/05/2014,108.59
09/05/2014,108.04
12/05/2014,108.39
13/05/2014,109.38
14/05/2014,109.65
15/05/2014,109.8
16/05/2014,110.71
19/05/2014,110.4
20/05/2014,111.07
21/05/2014,111.09
22/05/2014,110.52
23/05/2014,110.31
27/05/2014,109.7
28/05/2014,109.46
29/05/2014,109.57
30/05/2014,109.28
02/06/2014,109.14
03/06/2014,109.25
04/06/2014,108.13
05/06/2014,108.83
06/06/2014,109.22
09/06/2014,110.54
10/06/2014,109.17
11/06/2014,109.89
12/06/2014,113.64
13/06/2014,113.07
16/06/2014,113.28
17/06/2014,113.98
18/06/2014,114.89
19/06/2014,115.26
20/06/2014,114.76
23/06/2014,113.59
24/06/2014,114.58
25/06/2014,113.49
26/06/2014,112.36
27/06/2014,112.74
30/06/2014,111
01/07/2014,110.87
02/07/2014,109.44
03/07/2014,109.43
04/07/2014,109.04
07/07/2014,108.48
08/07/2014,107.36
09/07/2014,106.14
10/07/2014,106.8
11/07/2014,105.43
14/07/2014,105.09
15/07/2014,105.52
16/07/2014,105.02
17/07/2014,106.84
18/07/2014,105.31
21/07/2014,106.17
22/07/2014,105.71
23/07/2014,106.89
24/07/2014,105.54
25/07/2014,107.48
28/07/2014,106.73
29/07/2014,107.24
30/07/2014,104.82
31/07/2014,104.49
01/08/2014,103.56
04/08/2014,104.1
05/08/2014,103.52
06/08/2014,103.87
07/08/2014,104.81
08/08/2014,103.4
11/08/2014,102.81
12/08/2014,101.23
13/08/2014,103.15
14/08/2014,100.5
15/08/2014,101.63
18/08/2014,99.9
19/08/2014,99.81
20/08/2014,100.42
21/08/2014,100.67
22/08/2014,100.05
26/08/2014,100.14
27/08/2014,100.41
28/08/2014,100.63
29/08/2014,101.7
01/09/2014,100.36
02/09/2014,99.53
03/09/2014,101.25
04/09/2014,100.98
05/09/2014,99.53
08/09/2014,99.23
09/09/2014,97.91
10/09/2014,96.55
11/09/2014,97.09
12/09/2014,96.43
15/09/2014,96.36
16/09/2014,97.45
17/09/2014,97.27
18/09/2014,96.53
19/09/2014,97.24
22/09/2014,95.48
23/09/2014,95.06
24/09/2014,95.6
25/09/2014,95.35
26/09/2014,95.29
29/09/2014,95.88
30/09/2014,93.87
01/10/2014,93.2
02/10/2014,92.39
03/10/2014,91.58
06/10/2014,91.99
07/10/2014,91.16
08/10/2014,91.11
09/10/2014,88.25
10/10/2014,89.55
13/10/2014,87.51
14/10/2014,85.13
15/10/2014,82.22
16/10/2014,85.21
17/10/2014,85.47
20/10/2014,84.85
21/10/2014,86.25
22/10/2014,84.43
23/10/2014,86.1
24/10/2014,85.98
27/10/2014,85.07
28/10/2014,85.73
29/10/2014,86.19
30/10/2014,85.15
31/10/2014,85.2
03/11/2014,84
04/11/2014,82.57
05/11/2014,82.86
06/11/2014,82.48
07/11/2014,83.05
10/11/2014,81.8
11/11/2014,80.94
12/11/2014,79.36
13/11/2014,76.76
14/11/2014,78.58
17/11/2014,77.44
18/11/2014,76.68
19/11/2014,76.66
20/11/2014,79.33
21/11/2014,79.46
24/11/2014,78.77
25/11/2014,77.09
26/11/2014,76.61
27/11/2014,71.76
28/11/2014,69.15
01/12/2014,71.36
02/12/2014,70.65
03/12/2014,69.54
04/12/2014,68.73
05/12/2014,68.38
08/12/2014,65.14
09/12/2014,65.58
10/12/2014,63.93
11/12/2014,62.14
12/12/2014,61.37
15/12/2014,60.76
16/12/2014,59.28
17/12/2014,60.74
18/12/2014,58.92
19/12/2014,60.12
22/12/2014,58.48
23/12/2014,60.1
24/12/2014,58.75
29/12/2014,56.63
30/12/2014,55.84
31/12/2014,55.88
02/01/2015,55.12
05/01/2015,51.55
06/01/2015,50
07/01/2015,49.7
08/01/2015,50.03
09/01/2015,48.7
12/01/2015,46.32
13/01/2015,46.09
14/01/2015,48.63
15/01/2015,47.33
16/01/2015,48.35
19/01/2015,46.61
20/01/2015,46.11
21/01/2015,46.46
22/01/2015,47.12
23/01/2015,46.52
26/01/2015,46.03
27/01/2015,46.77
28/01/2015,46.39
29/01/2015,47.26
30/01/2015,51.24
02/02/2015,53.25
03/02/2015,55.26
04/02/2015,53.49
05/02/2015,55.87
06/02/2015,55.91
09/02/2015,56.45
10/02/2015,55.87
11/02/2015,53.7
12/02/2015,57.2
13/02/2015,60.54
16/02/2015,61.42
17/02/2015,62.05
18/02/2015,58.54
19/02/2015,59.83
20/02/2015,60.47
23/02/2015,59.31
24/02/2015,59.28
25/02/2015,61.93
26/02/2015,61.05
27/02/2015,62.84
02/03/2015,59.76
03/03/2015,60.7
04/03/2015,59.99
05/03/2015,60.12
06/03/2015,58.71
09/03/2015,58
10/03/2015,56.23
11/03/2015,57.24
12/03/2015,56.69
13/03/2015,53.83
16/03/2015,53.37
17/03/2015,52.34
18/03/2015,54.45
19/03/2015,53.18
20/03/2015,53.91
23/03/2015,54.03
24/03/2015,53.51
25/03/2015,54.64
26/03/2015,57.06
27/03/2015,55.26
30/03/2015,54.74
31/03/2015,53.57
01/04/2015,55.92
02/04/2015,54.11
07/04/2015,57.26
08/04/2015,55.4
09/04/2015,55.89
10/04/2015,57.17
13/04/2015,57.21
14/04/2015,58.01
15/04/2015,61.14
16/04/2015,61.3
17/04/2015,60.64
20/04/2015,60.96
21/04/2015,59.14
22/04/2015,60.1
23/04/2015,62.45
24/04/2015,63.14
27/04/2015,62.5
28/04/2015,62.16
29/04/2015,63.98
30/04/2015,64.42
01/05/2015,64.53
05/05/2015,65.34
06/05/2015,65.04
07/05/2015,64.15
08/05/2015,64.03
11/05/2015,63.25
12/05/2015,65.92
13/05/2015,65.26
14/05/2015,64.97
15/05/2015,65.16
18/05/2015,65.14
19/05/2015,63.26
20/05/2015,63.55
21/05/2015,64.55
22/05/2015,63.41
26/05/2015,61.96
27/05/2015,60.46
28/05/2015,60.96
29/05/2015,63.87
01/06/2015,63.42
02/06/2015,62.95
03/06/2015,62.35
04/06/2015,60.15
05/06/2015,61.84
08/06/2015,61.31
09/06/2015,63.94
10/06/2015,64.72
11/06/2015,63.97
12/06/2015,62.73
15/06/2015,61.06
16/06/2015,60.61
17/06/2015,60.61
18/06/2015,61.21
19/06/2015,59.77
22/06/2015,61.09
23/06/2015,62.11
24/06/2015,60.97
25/06/2015,60.54
26/06/2015,60.31
29/06/2015,59.09
30/06/2015,61.07
01/07/2015,60.8
02/07/2015,60.59
03/07/2015,59.33
06/07/2015,55.63
07/07/2015,56.36
08/07/2015,56.25
09/07/2015,57.89
10/07/2015,58.31
13/07/2015,57
14/07/2015,58.18
15/07/2015,56.91
16/07/2015,56.76
17/07/2015,56.71
20/07/2015,56.12
21/07/2015,55.89
22/07/2015,55.71
23/07/2015,55.07
24/07/2015,54.38
27/07/2015,53.42
28/07/2015,53.55
29/07/2015,54.02
30/07/2015,53.96
31/07/2015,52.78
03/08/2015,49.06
04/08/2015,49.18
05/08/2015,48.56
06/08/2015,48.53
07/08/2015,47.43
10/08/2015,49
11/08/2015,48
12/08/2015,48.86
13/08/2015,47.85
14/08/2015,47.71
17/08/2015,47.45
18/08/2015,47.01
19/08/2015,45.28
20/08/2015,44.74
21/08/2015,43.96
24/08/2015,41.15
25/08/2015,41.41
26/08/2015,42.11
27/08/2015,46.1
28/08/2015,48.47
01/09/2015,46.74
02/09/2015,49.7
03/09/2015,49.36
04/09/2015,48.33
07/09/2015,44.88
08/09/2015,48.7
09/09/2015,46.93
10/09/2015,48.04
11/09/2015,47.06
14/09/2015,45.82
15/09/2015,46.87
16/09/2015,49.53
17/09/2015,48.3
18/09/2015,46.82
21/09/2015,47.63
22/09/2015,47.77
23/09/2015,46.66
24/09/2015,47.15
25/09/2015,47.5
28/09/2015,46.11
29/09/2015,47.19
30/09/2015,47.53
01/10/2015,47.06
02/10/2015,47.68
05/10/2015,48.97
06/10/2015,51.73
07/10/2015,51.57
08/10/2015,52.76
09/10/2015,52.05
12/10/2015,49.62
13/10/2015,48.03
14/10/2015,48.14
15/10/2015,49.24
16/10/2015,49.55
19/10/2015,47.54
20/10/2015,46.68
21/10/2015,46.37
22/10/2015,46.67
23/10/2015,46.54
26/10/2015,45.95
27/10/2015,45.75
28/10/2015,47.78
29/10/2015,47.42
30/10/2015,48.42
02/11/2015,48.03
03/11/2015,48.56
04/11/2015,46.87
05/11/2015,46.89
06/11/2015,46.03
09/11/2015,45.66
10/11/2015,45.96
11/11/2015,44.99
12/11/2015,42.85
13/11/2015,41.9
16/11/2015,41.82
17/11/2015,41.21
18/11/2015,42
19/11/2015,42.27
20/11/2015,42.75
23/11/2015,43.43
24/11/2015,44.13
25/11/2015,44.4
26/11/2015,43.95
27/11/2015,42.88
30/11/2015,43.96
01/12/2015,42.84
02/12/2015,41.32
03/12/2015,42.74
04/12/2015,41.4
07/12/2015,39.48
08/12/2015,39.43
09/12/2015,39.01
10/12/2015,38.63
11/12/2015,36.8
14/12/2015,36.87
15/12/2015,37.09
16/12/2015,36.98
17/12/2015,35.99
18/12/2015,36.09
21/12/2015,35.57
22/12/2015,35.29
23/12/2015,36.52
24/12/2015,37.08
29/12/2015,36.57
30/12/2015,35.61
31/12/2015,36.93
04/01/2016,36.78
05/01/2016,35.96
06/01/2016,33.73
07/01/2016,32.76
08/01/2016,32.4
11/01/2016,29.86
12/01/2016,29.42
13/01/2016,28.58
14/01/2016,28.57
15/01/2016,28.38
18/01/2016,27.45
19/01/2016,27.12
20/01/2016,26.88
21/01/2016,28.27
22/01/2016,31.34
25/01/2016,28.88
26/01/2016,30.33
27/01/2016,32.09
28/01/2016,32.99
29/01/2016,33.91
01/02/2016,31.75
02/02/2016,30.27
03/02/2016,33.25
04/02/2016,32.54
05/02/2016,31.97
08/02/2016,31.19
09/02/2016,29.04
10/02/2016,29.71
11/02/2016,30.11
12/02/2016,32.39
15/02/2016,33.74
16/02/2016,31.31
17/02/2016,33.83
18/02/2016,32.65
19/02/2016,31.63
22/02/2016,33.41
23/02/2016,31.71
24/02/2016,32.86
25/02/2016,33.99
26/02/2016,34.75
29/02/2016,36.46
01/03/2016,35.54
02/03/2016,36.08
03/03/2016,35.95
04/03/2016,38.18
07/03/2016,39.73
08/03/2016,38.7
09/03/2016,40.32
10/03/2016,39.22
11/03/2016,39.34
14/03/2016,38.48
15/03/2016,38.13
16/03/2016,39.24
17/03/2016,39.17
18/03/2016,39.04
21/03/2016,40.1
22/03/2016,40.35
23/03/2016,38.3
24/03/2016,38.41
29/03/2016,37.4
30/03/2016,36.95
31/03/2016,37.65
01/04/2016,36.53
04/04/2016,35.34
05/04/2016,36.56
06/04/2016,38.25
07/04/2016,37.9
08/04/2016,40.75
11/04/2016,41.37
12/04/2016,43.08
13/04/2016,42.6
14/04/2016,42.48
15/04/2016,41.57
18/04/2016,41.97
19/04/2016,42.42
20/04/2016,44.11
21/04/2016,43.22
22/04/2016,43.63
25/04/2016,42.44
26/04/2016,44.59
27/04/2016,45.15
28/04/2016,45.95
29/04/2016,45.82
03/05/2016,43.3
04/05/2016,43.39
05/05/2016,43.99
06/05/2016,44.17
09/05/2016,42.32
10/05/2016,44.43
11/05/2016,46.22
12/05/2016,47.12
13/05/2016,46.94
16/05/2016,48.64
17/05/2016,48.84
18/05/2016,48.05
19/05/2016,48.27
20/05/2016,48.44
23/05/2016,47.86
24/05/2016,48.7
25/05/2016,49.52
26/05/2016,49.17
27/05/2016,49.07
31/05/2016,48.28
01/06/2016,48.88
02/06/2016,49.17
03/06/2016,48.55
06/06/2016,48.91
07/06/2016,50.09
08/06/2016,51.49
09/06/2016,50.46
10/06/2016,49.29
13/06/2016,48.59
14/06/2016,47.32
15/06/2016,46.45
16/06/2016,45.34
17/06/2016,47.41
20/06/2016,48.88
21/06/2016,49.34
22/06/2016,48.55
23/06/2016,48.9
24/06/2016,46.52
27/06/2016,45.49
28/06/2016,47.36
29/06/2016,48.64
30/06/2016,47.63
01/07/2016,48.27
04/07/2016,47.85
05/07/2016,45.74
06/07/2016,47.21
07/07/2016,44.77
08/07/2016,44.68
11/07/2016,43.98
12/07/2016,46.4
13/07/2016,45.02
14/07/2016,45.75
15/07/2016,46.23
18/07/2016,45.56
19/07/2016,45.52
20/07/2016,45.91
21/07/2016,44.78
22/07/2016,44.43
25/07/2016,43.77
26/07/2016,43.45
27/07/2016,42.29
28/07/2016,41.49
29/07/2016,41.1
01/08/2016,40.26
02/08/2016,39.88
03/08/2016,41.43
04/08/2016,42.2
05/08/2016,42.44
08/08/2016,43.32
09/08/2016,43.06
10/08/2016,41.86
11/08/2016,44.68
12/08/2016,45.39
15/08/2016,47.41
16/08/2016,48.29
17/08/2016,49.12
18/08/2016,49.8
19/08/2016,49.83
22/08/2016,47.85
23/08/2016,48.14
24/08/2016,47.89
25/08/2016,49.42
26/08/2016,49.49
30/08/2016,47.7
31/08/2016,46.06
01/09/2016,44.99
02/09/2016,45.99
05/09/2016,46.65
06/09/2016,46.54
07/09/2016,48.1
08/09/2016,49.15
09/09/2016,47.53
12/09/2016,47.4
13/09/2016,46.66
14/09/2016,45.34
15/09/2016,45.43
16/09/2016,44.9
19/09/2016,45.06
20/09/2016,45.75
21/09/2016,46.21
22/09/2016,46.76
23/09/2016,45.21
26/09/2016,46.4
27/09/2016,45.4
28/09/2016,47.98
29/09/2016,48.34
30/09/2016,48.61
03/10/2016,48.36
04/10/2016,49.33
05/10/2016,49.45
06/10/2016,50.37
07/10/2016,50.14
10/10/2016,51.28
11/10/2016,50.38
12/10/2016,49.27
13/10/2016,49.69
14/10/2016,49.24
17/10/2016,49.71
18/10/2016,50.51
19/10/2016,51.46
20/10/2016,50.39
21/10/2016,50.47
24/10/2016,50.01
25/10/2016,48.36
26/10/2016,48.62
27/10/2016,49
28/10/2016,47.15
31/10/2016,46.69
01/11/2016,45.57
02/11/2016,44.91
03/11/2016,44.05
04/11/2016,43.03
07/11/2016,43.38
08/11/2016,43.37
09/11/2016,44.18
10/11/2016,43.55
11/11/2016,42
14/11/2016,42.78
15/11/2016,44.83
16/11/2016,44.67
17/11/2016,44.22
18/11/2016,44.95
21/11/2016,46.55
22/11/2016,46.61
23/11/2016,46.74
24/11/2016,47.36
25/11/2016,45.85
28/11/2016,46.29
29/11/2016,44.64
30/11/2016,49.34
01/12/2016,52.09
02/12/2016,52.63
05/12/2016,52.92
06/12/2016,52.31
07/12/2016,51.5
08/12/2016,52.18
09/12/2016,52.43
12/12/2016,52.9
13/12/2016,52.82
14/12/2016,51.82
15/12/2016,52.54
16/12/2016,54.27
19/12/2016,53.59
20/12/2016,54.35
21/12/2016,52.49
22/12/2016,53.85
23/12/2016,53.95
28/12/2016,54.66
29/12/2016,56.09
30/12/2016,55.2
03/01/2017,54.55
04/01/2017,55.14
05/01/2017,55.72
06/01/2017,56.07
09/01/2017,53.86
10/01/2017,52.64
11/01/2017,53.75
12/01/2017,54.67
13/01/2017,54.28
16/01/2017,54.5
17/01/2017,54.35
18/01/2017,52.88
19/01/2017,53.31
20/01/2017,55.7
23/01/2017,54.78
24/01/2017,54.27
25/01/2017,54.29
26/01/2017,55.68
27/01/2017,54.89
30/01/2017,54.63
31/01/2017,55.57
01/02/2017,55.72
02/02/2017,55.9
03/02/2017,55.76
06/02/2017,54.78
07/02/2017,53.15
08/02/2017,54.27
09/02/2017,54.16
10/02/2017,55.06
13/02/2017,54.3
14/02/2017,54.55
15/02/2017,54.37
16/02/2017,54.47
17/02/2017,54.86
20/02/2017,55.21
21/02/2017,55.98
22/02/2017,55.42
23/02/2017,55.6
24/02/2017,54.62
27/02/2017,54.5
28/02/2017,53.96
01/03/2017,55.36
02/03/2017,53.91
03/03/2017,54.43
06/03/2017,54.67
07/03/2017,54.19
08/03/2017,51.69
09/03/2017,51.13
10/03/2017,50.2
13/03/2017,49.94
14/03/2017,50.67
15/03/2017,51.11
16/03/2017,50.75
17/03/2017,50.64
20/03/2017,50.64
21/03/2017,49.91
22/03/2017,50.26
23/03/2017,50.18
24/03/2017,50.19
27/03/2017,50.22
28/03/2017,50.56
29/03/2017,51.68
30/03/2017,52.16
31/03/2017,52.34
03/04/2017,52.09
04/04/2017,53.26
05/04/2017,53.24
06/04/2017,53.88
07/04/2017,54.34
10/04/2017,54.94
11/04/2017,55.27
12/04/2017,54.48
13/04/2017,55.06
17/04/2017,54.65
18/04/2017,52.38
19/04/2017,51.04
20/04/2017,50.79
21/04/2017,49.98
24/04/2017,49.46
25/04/2017,49.64
26/04/2017,49.26
27/04/2017,50.51
28/04/2017,50.41
02/05/2017,49.07
03/05/2017,49.13
04/05/2017,46.86
05/05/2017,47.31
08/05/2017,47.43
09/05/2017,47.16
10/05/2017,48.32
11/05/2017,49.01
12/05/2017,49.32
15/05/2017,51.01
16/05/2017,50.57
17/05/2017,51.54
18/05/2017,51.75
19/05/2017,52.86
22/05/2017,53.23
23/05/2017,53.33
24/05/2017,53.31
25/05/2017,50.69
26/05/2017,51.29
29/05/2017,51.43
30/05/2017,51.13
31/05/2017,49.97
01/06/2017,49.33
02/06/2017,48.6
05/06/2017,48.62
06/06/2017,48.85
07/06/2017,46.9
08/06/2017,46.23
09/06/2017,46.49
12/06/2017,46.72
13/06/2017,46.98
14/06/2017,45.47
15/06/2017,45.53
16/06/2017,45.89
19/06/2017,45.51
20/06/2017,44.35
21/06/2017,43.68
22/06/2017,44.06
23/06/2017,44.1
26/06/2017,44.51
27/06/2017,45.52
28/06/2017,46.76
29/06/2017,46.76
30/06/2017,47.22
03/07/2017,49.08
04/07/2017,49.12
05/07/2017,47.75
06/07/2017,47.36
07/07/2017,46.29
10/07/2017,46.31
11/07/2017,47.84
12/07/2017,46.65
13/07/2017,47.59
14/07/2017,48.15
17/07/2017,48.25
